player_id,FGA_mean,FTA_mean,FG_pct_used,FT_pct_used,PTS,REB,AST,STL,BLK,FG3M,TOV,FG,FT,sum_raw,risk_penalty,H2H_value,availability_multiplier,rank_H2H
bridgmi01,46.14084146341463,8.407,0.4790129519813986,0.7632946652463349,0.9002932551319649,0.6451612903225807,0.8240469208211143,0.9296187683284458,0.8123167155425219,0.9090909090909092,-0.7419354838709677,0.7096774193548387,0.7302052785923754,5.718475073313783,0.08756459471768312,5.4923351451106495,0.975390243902439,1.0
gilgesh01,60.1545,27.181256097560976,0.5350144846655028,0.8712614884328058,1.0,0.7008797653958945,0.9589442815249267,0.9882697947214076,0.8797653958944283,0.6979472140762464,-0.8914956011730205,0.9853372434017595,1.0,6.319648093841643,0.196639181637411,5.3031230846920066,0.8660975609756097,2.0
jokicni01,52.37732926829269,20.016585365853658,0.5810008288693966,0.8020427250911286,0.9912023460410557,1.0,1.0,0.9765395894428153,0.8533724340175952,0.6803519061583578,-0.9882697947214076,0.9970674486803519,0.9618768328445748,6.472140762463344,0.2900109217319176,5.198718845091173,0.8409268292682928,3.0
duranke01,53.25975609756098,17.89353658536585,0.5283949733261863,0.8445458936153876,0.9853372434017595,0.8269794721407624,0.8680351906158357,0.6275659824046922,0.9325513196480939,0.8944281524926687,-0.9794721407624634,0.9765395894428153,0.9853372434017595,6.117302052785924,0.160801852586049,5.032370986212768,0.8448536585365855,4.0
johnsja05,51.4823536585366,16.763036585365857,0.4884140691482084,0.7684151855521548,0.9618768328445748,0.9882697947214076,0.9912023460410557,0.9237536656891496,0.5806451612903225,0.7419354838709677,-0.9912023460410557,0.8416422287390029,0.8914956011730206,5.929618768328446,0.2050925902056378,4.944594392001003,0.8637560975609756,5.0
adebaba01,46.50782926829268,17.40780487804878,0.4814093074820388,0.7523859251926603,0.9208211143695015,0.9853372434017595,0.7859237536656891,0.9266862170087977,0.8680351906158357,0.5043988269794721,-0.8651026392961877,0.7478005865102639,0.8416422287390029,5.715542521994136,0.18085948564338716,4.918578319816485,0.8886829268292683,6.0
edwaran01,60.89504878048781,20.353951219512197,0.4675567304344009,0.7937836397477945,0.9941348973607038,0.7888563049853372,0.8328445747800586,0.935483870967742,0.8064516129032258,0.9912023460410557,-0.9765395894428153,0.49560117302052786,0.9530791788856305,5.8211143695014655,0.22115406648526892,4.8386388706012635,0.864048780487805,7.0
knuepko01,45.04713414634147,9.89108536585366,0.4747805334354084,0.8145667026058135,0.935483870967742,0.847507331378299,0.7800586510263929,0.6510263929618769,0.22580645161290325,0.9941348973607038,-0.8826979472140762,0.6217008797653958,0.8797653958944283,5.052785923753665,0.08028954007108761,4.790454503879954,0.9633902439024391,8.0
derozde01,48.018036585365856,19.810682926829276,0.4873225444993588,0.8401117893471459,0.9530791788856305,0.5073313782991202,0.8709677419354838,0.8680351906158357,0.5777126099706744,0.3108504398826979,-0.7008797653958945,0.81524926686217,0.9882697947214076,5.190615835777126,0.11156715177352726,4.646710149682317,0.9148780487804877,9.0
barnesc01,43.80036585365853,12.431146341463414,0.4775328051321498,0.7549079625257893,0.8826979472140764,0.9120234604105573,0.9413489736070382,0.9413489736070382,0.9501466275659824,0.4545454545454546,-0.9413489736070382,0.6627565982404693,0.782991202346041,5.586510263929619,0.148096123344108,4.629549520358915,0.8512682926829268,10.0
halibty01,40.97415853658537,9.995402439024392,0.4779664752541829,0.8130807439633948,0.8914956011730206,0.43695014662756604,0.9970674486803519,0.9384164222873901,0.7653958944281525,0.9560117302052786,-0.8181818181818181,0.6392961876832846,0.8768328445747802,5.683284457478006,0.16003336089802833,4.589148094051062,0.8308780487804879,11.0
murraja01,51.25032926829268,12.754939024390245,0.4754753019543532,0.84491820011399,0.9589442815249267,0.5850439882697946,0.9736070381231672,0.847507331378299,0.6275659824046922,0.9442815249266863,-0.8709677419354839,0.6744868035190617,0.9413489736070382,5.6818181818181825,0.184830026031494,4.567326793049496,0.8308780487804879,12.0
siakapa01,53.48426829268293,16.82680487804878,0.5022530268964487,0.7047005823003395,0.9706744868035191,0.903225806451613,0.8211143695014662,0.7859237536656891,0.6363636363636365,0.7096774193548387,-0.8475073313782991,0.9208211143695015,0.5601173020527859,5.460410557184751,0.14338270765758152,4.5460588113457305,0.855,13.0
avdijde01,41.64735365853659,19.95939024390244,0.4729255343570876,0.7713197371444352,0.9061583577712611,0.9413489736070382,0.9061583577712611,0.7565982404692082,0.7331378299120235,0.7565982404692082,-0.9824046920821115,0.5601173020527859,0.9178885630498534,5.495601173020528,0.21218833012502838,4.5180911630429055,0.8551463414634146,14.0
brownja01,59.67730487804878,18.23457317073171,0.479149601085277,0.7567959008373757,0.9794721407624634,0.8651026392961876,0.8592375366568914,0.8797653958944283,0.5366568914956011,0.8240469208211143,-0.9736070381231672,0.7741935483870968,0.8739002932551319,5.618768328445748,0.2005328728567154,4.480484265519282,0.8269268292682928,15.0
okongon01,29.21287804878049,8.980658536585365,0.5349241295508893,0.7246195381360149,0.718475073313783,0.9530791788856305,0.5542521994134897,0.7126099706744868,0.9413489736070382,0.4750733137829912,-0.6275659824046921,0.9149560117302054,0.5923753665689149,5.234604105571847,0.10347237265971028,4.401885279066308,0.8578780487804879,16.0
townska01,41.766097560975616,15.163621951219511,0.5094780238840407,0.8272547023732705,0.9090909090909092,0.9824046920821115,0.6891495601173021,0.565982404692082,0.7272727272727273,0.750733137829912,-0.9237536656891495,0.903225806451613,0.9472140762463344,5.551319648093842,0.17586428967125337,4.388075985147455,0.8163170731707318,17.0
jamesle01,46.72175609756098,14.48530487804878,0.5178117014738425,0.739013542473196,0.9442815249266863,0.8621700879765395,0.9794721407624634,0.8211143695014662,0.6656891495601174,0.7155425219941349,-0.9706744868035191,0.9413489736070382,0.7595307917888563,5.718475073313784,0.20094273509032654,4.380651528630487,0.7939512195121952,18.0
vucevni01,39.95984146341464,5.759036585365855,0.5052413764994146,0.7450307438613255,0.8357771260997067,0.9648093841642229,0.7302052785923754,0.4428152492668622,0.8005865102639296,0.6568914956011731,-0.6715542521994136,0.8885630498533725,0.595307917888563,5.2434017595307925,0.1265783560795304,4.373386403101038,0.8547073170731707,19.0
mitchdo01,57.901097560975614,17.206853658536588,0.468001242415122,0.8321185286286398,0.9824046920821115,0.6774193548387097,0.9120234604105573,0.9736070381231672,0.42815249266862176,0.9853372434017595,-0.9325513196480939,0.5043988269794721,0.967741935483871,5.498533724340176,0.1989702730910735,4.325865610315945,0.8162682926829268,20.0
flaggco01,50.37054878048781,15.374219512195122,0.467146566336993,0.8035378601856576,0.9384164222873901,0.8768328445747802,0.847507331378299,0.8914956011730206,0.8826979472140764,0.3900293255131966,-0.8885630498533724,0.4428152492668622,0.9266862170087977,5.307917888563051,0.17422484073680913,4.324572938678604,0.842390243902439,21.0
doncilu01,59.46081707317074,24.865707317073173,0.4723397659346736,0.7674826547037442,0.9970674486803519,0.9090909090909092,0.9853372434017595,0.967741935483871,0.5718475073313782,0.9882697947214076,-0.9941348973607038,0.6304985337243403,0.935483870967742,5.991202346041057,0.28832024001827206,4.293296563036567,0.7528292682926829,22.0
banede01,43.59548780487805,10.996829268292684,0.4781807276889244,0.8564156571094379,0.903225806451613,0.6744868035190617,0.8445747800586509,0.8064516129032258,0.5601173020527859,0.8885630498533725,-0.8680351906158358,0.6774193548387097,0.9296187683284458,5.41642228739003,0.14745571360409074,4.289067302441603,0.8140243902439024,23.0
queende01,31.45970731707317,12.058268292682929,0.4743030025724769,0.7595106556442888,0.7008797653958945,0.9442815249266863,0.8299120234604105,0.9090909090909092,0.9266862170087977,-0.14369501466275658,-0.9442815249266863,0.49853372434017595,0.7947214076246334,4.516129032258064,0.1198156292249488,4.237509984743065,0.9638780487804878,24.0
foxde01,48.72298780487805,13.785817073170737,0.4768991534589338,0.753967569937895,0.9325513196480939,0.563049853372434,0.9442815249266863,0.9560117302052786,0.3695014662756597,0.7947214076246334,-0.906158357771261,0.6891495601173021,0.8064516129032258,5.1495601173020535,0.15301447014743969,4.209285040310252,0.8424390243902439,25.0
harrito01,32.448243902439025,7.594402439024391,0.4782039258415501,0.815759260768955,0.7126099706744868,0.782991202346041,0.5865102639296187,0.8093841642228738,0.7419354838709677,0.565982404692082,-0.4574780058651027,0.5865102639296187,0.8123167155425219,5.140762463343108,0.0792905008766609,4.194602300992316,0.8287317073170732,26.0
anunoog01,35.017073170731706,8.60470731707317,0.4822868541423732,0.7690903714525077,0.7976539589442815,0.6715542521994136,0.4516129032258065,0.9618768328445748,0.8211143695014662,0.8299120234604105,-0.7038123167155426,0.6686217008797655,0.7536656891495601,5.252199413489737,0.11261742374715547,4.137864924375924,0.8050975609756098,27.0
wembavi01,43.71756097560976,14.792963414634148,0.4889920313021488,0.8002367933856888,0.9120234604105573,0.967741935483871,0.6656891495601174,0.7390029325513197,1.0,0.8064516129032258,-0.9266862170087976,0.8064516129032258,0.9208211143695015,5.8914956011730215,0.27264300958265103,4.096417629639702,0.7290487804878049,28.0
portemi01,46.7904756097561,9.33817073170732,0.4787207861325324,0.782224544984869,0.9237536656891496,0.8944281524926687,0.5278592375366569,0.5513196480938416,0.5982404692082111,0.9706744868035191,-0.7390029325513197,0.7067448680351907,0.7976539589442815,5.2316715542522,0.16541280271417277,4.082045313586798,0.8057317073170731,29.0
randlju01,47.343048780487806,18.35528048780488,0.47711221548504,0.7750981456173869,0.9501466275659824,0.9237536656891496,0.8885630498533725,0.6656891495601174,0.1950146627565983,0.7272727272727273,-0.9618768328445748,0.6803519061583578,0.9120234604105573,4.980938416422289,0.15885500697639673,4.057841994943956,0.8415121951219513,30.0
thompam01,33.87154878048781,12.725573170731709,0.5429877703702574,0.7129661321492251,0.8035190615835777,0.9472140762463344,0.8387096774193548,0.9824046920821115,0.8856304985337244,-0.2697947214076246,-0.8768328445747801,0.9472140762463344,0.5865102639296187,4.84457478005865,0.14740448082488936,4.057667747762472,0.8638536585365854,31.0
lopezbr01,27.226243902439027,5.435158536585366,0.4812455313029293,0.7147476995304608,0.6041055718475072,0.7126099706744868,0.2785923753665689,0.4134897360703813,0.9941348973607038,0.7683284457478006,-0.42228739002932547,0.5806451612903225,0.4222873900293256,4.351906158357771,0.0712981873212462,3.9815918434987543,0.9301463414634147,32.0
alexani01,37.62337804878049,8.708341463414635,0.4517446160793211,0.799848569047971,0.8445747800586509,0.5454545454545454,0.7976539589442815,0.8885630498533725,0.7741935483870968,0.9472140762463344,-0.8093841642228738,-0.3782991202346041,0.81524926686217,4.425219941348973,0.1251950710410931,3.981088879317484,0.925829268292683,33.0
whitede01,42.12181707317074,8.542560975609756,0.4279105171443353,0.8266791487228241,0.8709677419354838,0.7067448680351907,0.9296187683284458,0.8826979472140764,0.9560117302052786,0.9824046920821115,-0.7917888563049853,-0.9560117302052786,0.8592375366568914,4.439882697947214,0.10969715533267721,3.9557829146006696,0.9135365853658536,34.0
buzelma01,37.96919512195122,9.16769512195122,0.4609771874896594,0.7440634407213199,0.8299120234604105,0.8563049853372433,0.43988269794721413,0.43401759530791795,0.9824046920821115,0.8797653958944283,-0.8269794721407624,0.0997067448680351,0.6950146627565983,4.390029325513196,0.12801287389716862,3.9468351374379838,0.9260487804878049,35.0
turnemy01,30.578731707317075,10.103219512195125,0.4838536311142792,0.7252418482158577,0.7360703812316716,0.8533724340175952,0.19354838709677424,0.4222873900293256,0.9912023460410557,0.7917888563049853,-0.6304985337243402,0.6363636363636365,0.6334310850439884,4.627565982404692,0.0834659723815731,3.941618847718591,0.8674146341463415,36.0
reaveau01,37.42182926829268,16.18698780487805,0.4821423751427289,0.8457237209984805,0.8973607038123168,0.6129032258064515,0.8973607038123168,0.7096774193548387,0.3665689149560116,0.847507331378299,-0.8944281524926686,0.6920821114369502,0.9706744868035191,5.099706744868035,0.17873332530653033,3.8873289539697073,0.789951219512195,37.0
leonaka01,45.1329268292683,12.565426829268294,0.5087813006639305,0.84313661563651,0.9266862170087977,0.7448680351906158,0.6686217008797655,0.9530791788856305,0.5747800586510263,0.7888563049853372,-0.7096774193548387,0.9178885630498534,0.9325513196480939,5.797653958944282,0.18019345951376964,3.8863235869840604,0.6918292682926829,38.0
bookede01,54.435585365853655,20.89004878048781,0.4691761261439207,0.8593199383364422,0.9765395894428153,0.5513196480938416,0.9560117302052786,0.653958944281525,0.281524926686217,0.8328445747800586,-0.9530791788856305,0.5219941348973607,0.9941348973607038,4.815249266862169,0.20698820303608884,3.7729294485491183,0.8187317073170731,39.0
johnske01,34.978829268292685,9.69730487804878,0.4823835201213263,0.7373123298012433,0.7859237536656891,0.8064516129032258,0.4545454545454546,0.46041055718475077,0.19941348973607043,0.6656891495601174,-0.5131964809384164,0.6715542521994136,0.6744868035190617,4.205278592375367,0.07977721227907399,3.727943917833843,0.9036341463414634,40.0
hartjo01,26.57439024390244,6.878439024390245,0.5027482956419571,0.6964748029417739,0.595307917888563,0.9501466275659824,0.8826979472140764,0.903225806451613,0.31964809384164217,0.5249266862170088,-0.7859237536656891,0.7771260997067448,0.1788856304985338,4.346041055718475,0.10949222421587174,3.7216531527860797,0.8784634146341465,41.0
brunsja01,58.518292682926834,18.90017073170732,0.4769880869194893,0.8141921844077835,0.9882697947214076,0.35483870967741926,0.9765395894428153,0.6803519061583578,-0.18181818181818177,0.9208211143695015,-0.9120234604105572,0.7390029325513197,0.9648093841642229,4.530791788856305,0.1751470307624339,3.7163210957960926,0.8532195121951219,42.0
murphtr01,38.11756097560976,10.108,0.4615822282012651,0.8365937162979433,0.8680351906158357,0.686217008797654,0.6392961876832846,0.8533724340175952,0.6099706744868034,0.9530791788856305,-0.5806451612903225,0.13489736070381242,0.903225806451613,5.067448680351906,0.1629536293125068,3.711028048009641,0.7566585365853659,43.0
jacksja01,40.81196341463414,13.414134146341464,0.4752259038440501,0.7731746952040656,0.8768328445747802,0.7214076246334311,0.3108504398826979,0.8357771260997067,0.9736070381231672,0.6832844574780059,-0.8035190615835777,0.6041055718475072,0.8504398826979471,5.0527859237536665,0.14338270765758143,3.69713984634592,0.7530731707317073,44.0
barneha01,27.118939024390244,8.493219512195123,0.4810104341871105,0.7678655608601387,0.6774193548387097,0.4780058651026393,0.4164222873900294,0.4457478005865103,-0.017595307917888547,0.8269794721407624,-0.25219941348973607,0.5747800586510263,0.7419354838709677,3.8914956011730206,0.028672515025702075,3.676936502026132,0.9518780487804879,45.0
reidna01,36.05896341463416,6.429756097560976,0.4680269784086571,0.6767909251638553,0.7741935483870968,0.8680351906158357,0.4868035190615836,0.7243401759530792,0.9208211143695015,0.8709677419354838,-0.7302052785923754,0.40175953079178894,-0.343108504398827,3.9736070381231667,0.07882940586384847,3.617298474604941,0.9287560975609757,46.0
edgecvj01,43.53923170731707,8.249841463414636,0.4374661331617619,0.7607703983269909,0.8621700879765395,0.8416422287390029,0.8416422287390029,0.9853372434017595,0.7214076246334311,0.8504398826979471,-0.8328445747800587,-0.8826979472140762,0.7155425219941349,4.102639296187683,0.10605962800937935,3.611933244504363,0.9037560975609756,47.0
irvinky01,45.91812195121951,10.285134146341465,0.4819267765888134,0.8792047060012486,0.9178885630498534,0.5425219941348973,0.8093841642228738,0.7800586510263929,0.533724340175953,0.903225806451613,-0.7243401759530792,0.750733137829912,0.9384164222873901,5.451612903225806,0.18754536332916688,3.598567927029829,0.6836097560975609,48.0
hardeja01,44.25365853658537,20.34789024390244,0.4254022532951698,0.8562560783922667,0.9472140762463344,0.7565982404692082,0.9941348973607038,0.9178885630498534,0.7536656891495601,0.9618768328445748,-0.9970674486803519,-0.9794721407624634,0.9912023460410557,4.346041055718476,0.1925149429117002,3.581251258873959,0.8622195121951219,49.0
jaqueja01,32.57501219512195,9.4325,0.4911000391191276,0.7300973396525012,0.7155425219941349,0.7390029325513197,0.7947214076246334,0.8299120234604105,0.29912023460410553,0.2434017595307918,-0.8240469208211143,0.7536656891495601,0.6451612903225807,4.196480938416422,0.09875895697318353,3.5441297361941144,0.8649024390243902,50.0
giddejo01,36.155597560975615,9.698756097560976,0.4597554631257453,0.7317717498543038,0.7683284457478006,0.9266862170087977,0.9824046920821115,0.7419354838709677,0.686217008797654,0.6480938416422288,-0.9560117302052786,0.032258064516129004,0.653958944281525,4.483870967741937,0.16180089178047577,3.4723089324901117,0.8033902439024391,51.0
sengual01,46.04471951219512,16.899707317073172,0.5195132827910026,0.6831442157843958,0.9149560117302054,0.9794721407624634,0.9266862170087977,0.9061583577712611,0.9090909090909092,0.0058651026392961825,-0.9589442815249267,0.9442815249266863,-0.4545454545454546,4.173020527859238,0.17939935143614805,3.471917883229869,0.8693658536585366,52.0
pritcpa01,37.28507317073171,4.878829268292683,0.4633947814648673,0.7657934824671717,0.8123167155425219,0.6099706744868034,0.8533724340175952,0.533724340175953,-0.21700879765395897,0.967741935483871,-0.5601173020527859,0.24633431085043989,0.6392961876832846,3.8856304985337244,0.13375094516772282,3.425649050737958,0.9130487804878049,53.0
maxeyty01,57.29858536585367,15.796524390243905,0.4539916115583141,0.8548593498324132,0.9736070381231672,0.4164222873900294,0.935483870967742,0.9648093841642229,0.6451612903225807,0.9589442815249267,-0.8533724340175953,-0.43401759530791784,0.9794721407624634,4.586510263929618,0.21410955934507991,3.420070502342101,0.7821951219512195,54.0
cartewe01,23.9169512195122,9.12390243902439,0.5043139398775505,0.7173086235971209,0.5718475073313782,0.9061583577712611,0.4222873900293256,0.47214076246334313,0.7390029325513197,0.28445747800586507,-0.5571847507331378,0.7653958944281525,0.5571847507331378,4.161290322580644,0.0650221718690779,3.3954066610227454,0.8289024390243902,55.0
holmgch01,28.647243902439023,10.723317073170731,0.5269220996224531,0.7494349387083379,0.7272727272727273,0.9002932551319649,0.28739002932551316,0.25219941348973607,0.9882697947214076,0.49853372434017595,-0.624633431085044,0.8914956011730206,0.7360703812316716,4.656891495601173,0.11666481330406418,3.3211204494822586,0.7314878048780488,56.0
johnske04,34.79614634146342,9.831073170731708,0.4672355463479534,0.7367704606227669,0.7624633431085044,0.7331378299120235,0.5102639296187683,0.46627565982404695,0.29325513196480935,0.6627565982404693,-0.563049853372434,0.36070381231671544,0.6774193548387097,3.903225806451614,0.09665841302592731,3.3025221646718315,0.8675853658536585,57.0
cunnica01,50.312329268292686,14.123780487804876,0.4556798876914542,0.8120077234623149,0.9296187683284458,0.7038123167155426,0.9882697947214076,0.7976539589442815,0.750733137829912,0.7331378299120235,-0.9853372434017595,-0.2668621700879765,0.9237536656891496,4.574780058651028,0.22994048811830484,3.2303352348426584,0.7434878048780488,58.0
dosunay01,27.34968292682927,5.4064756097560975,0.5043364711812617,0.757922805734529,0.6129032258064515,0.29912023460410553,0.7419354838709677,0.6246334310850439,0.3782991202346042,0.6070381231671553,-0.5542521994134897,0.7917888563049853,0.6363636363636365,4.13782991202346,0.06848038446517103,3.220542767566131,0.7914146341463415,59.0
marshna01,28.987,9.261939024390246,0.4988370310326022,0.7397357594951498,0.6744868035190617,0.6979472140762464,0.6803519061583578,0.7888563049853372,-0.16129032258064513,0.32551319648093835,-0.6979472140762464,0.7712609970674487,0.6803519061583578,3.7595307917888565,0.08507980492641629,3.143896112661815,0.855609756097561,60.0
curryst01,47.87487804878049,12.543829268292685,0.4605960907413347,0.8935925361812153,0.9560117302052786,0.47214076246334313,0.8621700879765395,0.686217008797654,0.4193548387096775,0.9970674486803519,-0.9178885630498533,0.09090909090909083,0.9736070381231672,4.539589442815249,0.2658802827280695,3.1406550486201636,0.7348780487804878,61.0
podzibr01,31.35351219512195,7.447231707317074,0.4555447050083929,0.7064904770059182,0.6803519061583578,0.8211143695014662,0.8123167155425219,0.8563049853372433,0.0674486803519061,0.7741935483870968,-0.6568914956011731,-0.1407624633431085,0.3870967741935485,3.601173020527859,0.08492610658881229,3.124399788334473,0.888560975609756,62.0
raynama01,28.76410975609756,7.885756097560976,0.568453087512572,0.7335191324509578,0.6920821114369502,0.9325513196480939,0.2052785923753666,0.22873900293255134,0.7155425219941349,-0.12316715542521994,-0.6158357771260997,0.9530791788856305,0.6129032258064515,3.6011730205278596,0.10385661850372041,3.1159383134034093,0.8909512195121952,63.0
willija06,33.185975609756106,9.219170731707315,0.4970149311001212,0.7799505947660348,0.750733137829912,0.46920821114369504,0.7888563049853372,0.8123167155425219,0.49266862170087977,0.31964809384164217,-0.6627565982404693,0.7947214076246334,0.7888563049853372,4.55425219941349,0.10344675627010941,3.1062279743927976,0.6979024390243903,64.0
wiggian01,33.20091463414634,8.520109756097561,0.4620978278479755,0.7154350072393818,0.7243401759530792,0.5982404692082111,0.4809384164222874,0.6715542521994136,0.8299120234604105,0.7448680351906158,-0.5747800586510263,0.14956011730205288,0.5161290322580645,4.140762463343108,0.09225239401460894,3.101751177993825,0.7661463414634146,65.0
fearsje01,41.48865853658537,11.055219512195125,0.4361028487829744,0.7494354055673559,0.8269794721407624,0.6041055718475072,0.7917888563049853,0.9501466275659824,0.5542521994134897,0.6334310850439884,-0.9208211143695014,-0.8885630498533724,0.7390029325513197,3.290322580645161,0.08595076217283971,3.0878421018542177,0.9636341463414634,66.0
wallaca01,22.667451219512195,2.796158536585366,0.4589721249379471,0.7033569626039154,0.43108504398826986,0.3489736070381231,0.6129032258064515,0.9970674486803519,0.6246334310850439,0.5923753665689149,-0.3372434017595308,0.02346041055718473,0.15542521994134906,3.448680351906158,0.020398421184680073,3.08470118795722,0.899780487804878,67.0
powelno01,38.51673170731708,12.417146341463416,0.4767062815736208,0.7930765705365848,0.8797653958944283,0.26099706744868034,0.36363636363636354,0.6920821114369502,0.11436950146627556,0.9120234604105573,-0.6744868035190617,0.6158357771260996,0.8885630498533725,4.052785923753666,0.10800647361903189,3.0380574614012485,0.7701463414634147,68.0
castlst01,39.55119512195122,16.662219512195122,0.4527464531010068,0.7156280084432224,0.8651026392961876,0.7272727272727273,0.9706744868035191,0.8768328445747802,0.2668621700879765,0.5425219941348973,-0.9648093841642229,-0.3489736070381232,0.6627565982404693,3.5982404692082115,0.1264246577419261,3.0346210545248122,0.8740731707317074,69.0
allenja01,27.69080487804878,12.787036585365856,0.6510105887073513,0.699499833784476,0.7800586510263929,0.9706744868035191,0.4486803519061584,0.7008797653958945,0.8973607038123168,-0.906158357771261,-0.565982404692082,0.9912023460410557,0.3900293255131966,3.706744868035191,0.10818578834623649,3.033936383112392,0.8430975609756097,70.0
banchpa01,47.70158536585366,21.9964756097561,0.4530694941007505,0.7394468434539241,0.9413489736070382,0.8914956011730206,0.8563049853372433,0.49266862170087977,0.7008797653958945,0.6041055718475072,-0.9501466275659824,-0.4164222873900293,0.8445747800586509,3.964809384164222,0.1966904144166123,3.0311300424694125,0.8044146341463415,71.0
vanvlfr01,36.97724390243903,8.772024390243903,0.3933393826061999,0.800253059331056,0.7595307917888563,0.4222873900293256,0.9501466275659824,0.9589442815249267,0.7096774193548387,0.9266862170087977,-0.6774193548387097,-0.9970674486803519,0.8181818181818181,3.870967741935484,0.1458418810592474,3.00163373331142,0.805780487804878,72.0
holidjr01,32.41256097560976,5.205097560975609,0.4586901079068154,0.7799518127249683,0.6891495601173021,0.6627565982404693,0.8914956011730206,0.750733137829912,0.4545454545454546,0.8181818181818181,-0.8299120234604106,-0.014662756598240456,0.686217008797654,4.108504398826979,0.1239142515610588,2.9555940380158825,0.7417560975609756,73.0
braunch01,22.08286585365854,6.257829268292683,0.5321220117704508,0.7183724777811579,0.501466275659824,0.5689149560117301,0.46627565982404695,0.4574780058651027,0.3841642228739004,0.2756598240469208,-0.21407624633431088,0.8768328445747802,0.47214076246334313,3.788856304985338,0.06353642127223805,2.950544209361353,0.7920243902439024,74.0
durenja01,28.535585365853663,13.694817073170732,0.6479371809634435,0.7041283635975387,0.8093841642228738,0.9941348973607038,0.5601173020527859,0.5043988269794721,0.9237536656891496,-0.906158357771261,-0.841642228739003,0.9941348973607038,0.4838709677419355,3.5219941348973602,0.11405194156479395,2.9100501509408083,0.8539024390243902,75.0
collijo01,25.89632926829269,7.221097560975609,0.5364647333004031,0.7570978708370036,0.6246334310850439,0.7976539589442815,0.0,0.3812316715542523,0.81524926686217,0.3870967741935485,-0.5923753665689149,0.9002932551319649,0.6920821114369502,4.005865102639296,0.09217554484580683,2.9070122388547053,0.742780487804878,76.0
filipky01,26.716353658536587,8.742658536585367,0.4969188992958685,0.6709677697374771,0.6217008797653958,0.9178885630498534,0.6158357771260996,0.7595307917888563,0.5865102639296187,0.4516129032258065,-0.7624633431085044,0.7448680351906158,-0.6187683284457478,3.3167155425219943,0.10944099143667037,2.8582292084769647,0.891170731707317,77.0
cowarce01,27.736475609756106,7.4725,0.4703006671261205,0.7916217754800012,0.6187683284457477,0.7595307917888563,0.5835777126099706,0.3167155425219941,0.47214076246334313,0.6011730205278591,-0.686217008797654,0.39882697947214085,0.7683284457478006,3.832844574780058,0.08049447118789314,2.8368681990499107,0.7560243902439024,78.0
mccolcj01,45.59134146341464,9.005243902439027,0.4504867035891677,0.7185594838878642,0.8944281524926687,0.43401759530791795,0.81524926686217,0.6129032258064515,0.6187683284457477,0.9501466275659824,-0.7565982404692082,-0.533724340175953,0.565982404692082,3.6011730205278587,0.12998533589642183,2.83401308671592,0.8164390243902439,79.0
ingrabr01,39.27554878048781,10.338658536585369,0.4763863316556906,0.7989582312044545,0.8592375366568914,0.5923753665689149,0.7536656891495601,0.3343108504398826,0.6129032258064515,0.6129032258064515,-0.8797653958944281,0.6129032258064515,0.8563049853372433,4.354838709677418,0.15637021718513,2.818503580179457,0.6713170731707317,80.0
butleji01,27.49915853658537,17.37468292682927,0.5142137771798065,0.8389693795198356,0.7653958944281525,0.595307917888563,0.8005865102639296,0.8621700879765395,0.11730205278592365,0.055718475073313734,-0.49266862170087977,0.847507331378299,0.9765395894428153,4.527859237536656,0.14407435017679984,2.803483896257937,0.6395121951219512,81.0
jonestr01,23.20884146341464,7.621036585365854,0.5246076743015039,0.7927405179198057,0.5513196480938416,0.3020527859237536,0.9090909090909092,0.8240469208211143,-0.06451612903225812,0.07624633431085037,-0.5043988269794721,0.8504398826979471,0.7741935483870968,3.7184750733137832,0.0615895756625856,2.762018858677186,0.7552926829268293,82.0
sextoco01,32.75393902439025,11.65030487804878,0.488746128028587,0.8191406849108587,0.7917888563049853,0.04105571847507328,0.7478005865102639,0.6217008797653958,-0.14956011730205276,0.653958944281525,-0.8592375366568915,0.7272727272727273,0.9061583577712611,3.480938416422288,0.10242210068608193,2.7162447150149407,0.8039756097560976,83.0
vassede01,34.787439024390245,6.435817073170733,0.4485248130883237,0.7430827987374773,0.7331378299120235,0.42815249266862176,0.6217008797653958,0.7478005865102639,0.4809384164222874,0.8563049853372433,-0.4428152492668622,-0.4868035190615836,0.6070381231671553,3.5454545454545454,0.07578105550136689,2.7108305098456142,0.7812926829268293,84.0
portibo01,30.86701219512195,4.197353658536586,0.4860960206264512,0.6897960305978635,0.6422287390029326,0.8856304985337244,0.2697947214076246,0.3489736070381231,0.3900293255131966,0.6510263929618769,-0.4046920821114369,0.6832844574780059,0.02346041055718473,3.4897360703812312,0.08087871703190362,2.709625881601332,0.7948780487804878,85.0
harpedy01,27.638731707317078,5.582926829268293,0.5058083309388913,0.693950809398136,0.5806451612903225,0.3431085043988269,0.7712609970674487,0.563049853372434,0.43695014662756604,0.2697947214076246,-0.6041055718475073,0.8093841642228738,0.10557184750733128,3.2756598240469206,0.03786879889234906,2.6822334675457324,0.8284146341463415,86.0
mobleev01,34.91915853658537,12.028048780487804,0.5527946480828791,0.644653844347484,0.8387096774193548,0.9560117302052786,0.7008797653958945,0.5131964809384164,0.9765395894428153,0.2727272727272727,-0.7653958944281525,0.9589442815249267,-0.9384164222873901,3.513196480938416,0.13974518033428374,2.666589834177544,0.7904634146341463,87.0
wagnefr01,36.64841463414634,12.237451219512195,0.4738193827320893,0.8170679506660544,0.8211143695014662,0.5601173020527859,0.6715542521994136,0.5454545454545454,0.20234604105571852,0.46627565982404695,-0.6920821114369502,0.533724340175953,0.9090909090909092,4.0175953079178885,0.12714191665074534,2.664675905696681,0.6849268292682927,88.0
grimequ01,28.926134146341465,8.09481707317073,0.4521798241165362,0.7484689794146071,0.6568914956011731,0.43108504398826986,0.6363636363636365,0.6774193548387097,0.32844574780058644,0.8005865102639296,-0.6598240469208212,-0.2697947214076246,0.6891495601173021,3.290322580645162,0.13208587984367814,2.657386578152429,0.8414146341463414,89.0
beysa01,38.1769756097561,11.965817073170731,0.4411341770525852,0.8073662311967649,0.8416422287390029,0.8299120234604105,0.4897360703812317,0.7272727272727273,-0.2727272727272727,0.81524926686217,-0.36070381231671556,-0.750733137829912,0.9002932551319649,3.2199413489736077,0.0741672229565236,2.6478210997280383,0.8417073170731707,90.0
valanjo01,22.488695121951224,7.504341463414636,0.5600427642510196,0.7521831341883283,0.5190615835777126,0.8885630498533725,0.3343108504398826,-0.12903225806451613,0.7859237536656891,-0.3401759530791789,-0.6187683284457478,0.9237536656891496,0.6832844574780059,3.0469208211143695,0.07724118970860613,2.6462018452141014,0.8910731707317073,91.0
dinwisp01,31.06207317073171,11.308841463414636,0.4153256168466961,0.7668700529906182,0.6979472140762464,0.3167155425219941,0.9237536656891496,0.7536656891495601,0.29618768328445744,0.7624633431085044,-0.6803519061583578,-0.9648093841642229,0.8035190615835777,2.909090909090909,0.11671604608326552,2.592209260022779,0.9283170731707318,92.0
markkla01,39.4269024390244,12.597439024390246,0.4652587905427144,0.8631278783489665,0.8885630498533725,0.7947214076246334,0.18768328445747806,0.3841642228739004,0.4222873900293256,0.8680351906158357,-0.4838709677419355,0.33137829912023453,0.9560117302052786,4.348973607038124,0.19505096548216835,2.576850450374004,0.6203414634146341,93.0
wareke01,24.83010975609756,4.238329268292684,0.5375405752531883,0.6461364534891952,0.5542521994134897,0.9618768328445748,-0.1407624633431085,0.5102639296187683,0.9472140762463344,0.35777126099706735,-0.2756598240469208,0.8973607038123168,-0.6832844574780059,3.129032258064516,0.1085188014110456,2.5691308725335724,0.8505609756097561,94.0
lillada01,48.10024390243902,20.001219512195124,0.4430158859756162,0.9001925645248896,0.967741935483871,0.5850439882697946,0.9618768328445748,0.7624633431085044,0.05278592375366564,0.9736070381231672,-0.9384164222873901,-0.8035190615835777,0.9970674486803519,3.558651026392962,0.21477558547469777,2.5676885489373102,0.7678780487804878,95.0
dasiltr01,25.359719512195127,4.417768292682927,0.4393111235145509,0.7827819743099358,0.5043988269794721,0.565982404692082,0.3870967741935485,0.5923753665689149,0.3812316715542523,0.6774193548387097,-0.3724340175953079,-0.6041055718475073,0.6568914956011731,2.7888563049853374,0.0336677109978363,2.494319273942148,0.9053170731707317,96.0
porteke01,32.577487804878054,9.884512195121951,0.4578428683066955,0.8002779083000717,0.7067448680351907,0.6304985337243403,0.8944281524926687,0.9706744868035191,0.25513196480938416,0.42815249266862176,-0.8856304985337243,-0.06451612903225812,0.8387096774193548,3.774193548387097,0.16933211032307766,2.4650218360381184,0.6838048780487805,97.0
joeis01,23.092060975609755,4.667804878048781,0.4517449848379614,0.7729450254577696,0.5425219941348973,0.1730205278592376,0.2434017595307918,0.4750733137829912,0.04985337243401755,0.9237536656891496,-0.02346041055718473,-0.20234604105571852,0.6480938416422288,2.8299120234604107,0.027135531649660843,2.460974480614317,0.8780487804878049,98.0
daniedy01,26.33664634146342,4.976573170731708,0.4936401045731243,0.5779778503540808,0.5131964809384164,0.8093841642228738,0.8504398826979471,1.0,0.6480938416422288,0.11730205278592365,-0.7272727272727273,0.7126099706744868,-0.9442815249266863,2.9794721407624634,0.10234525151727987,2.4558032345371816,0.8535609756097562,99.0
allengr01,29.888804878048784,7.759756097560976,0.4342699069325563,0.8011173319297065,0.6950146627565983,0.3812316715542523,0.686217008797654,0.8181818181818181,0.40175953079178894,0.9384164222873901,-0.5718475073313782,-0.7771260997067448,0.8005865102639296,3.3724340175953085,0.11587070522644274,2.4548133105383454,0.7538048780487805,100.0
camarto01,30.34909756097561,5.94359756097561,0.4489714064121144,0.6587230986560987,0.6627565982404693,0.8357771260997067,0.5395894428152492,0.9472140762463344,0.7126099706744868,0.8533724340175952,-0.750733137829912,-0.4134897360703812,-0.6803519061583578,2.706744868035191,0.05777273361208336,2.4515914058703614,0.9254878048780488,101.0
clingdo01,24.04653658536586,8.07279268292683,0.5258041216739402,0.6193260206288268,0.563049853372434,0.9912023460410557,0.4252199413489737,0.3665689149560116,0.9970674486803519,0.22580645161290325,-0.5894428152492668,0.8709677419354838,-0.9472140762463344,2.903225806451612,0.11069619452710398,2.4443488466523595,0.8753170731707317,102.0
oubreke01,29.854829268292683,8.389073170731708,0.4586052991905407,0.7208913262307132,0.6451612903225807,0.6510263929618769,0.12316715542521983,0.8739002932551319,0.5571847507331378,0.5513196480938416,-0.4516129032258065,-0.008797653958944274,0.5689149560117301,3.510263929618768,0.09524951159788944,2.423744013414379,0.7097317073170731,103.0
willibr01,26.398621951219518,13.578975609756096,0.4697091777640267,0.7653508378988768,0.6304985337243403,0.22873900293255134,0.7595307917888563,0.6979472140762464,0.32258064516129026,-0.0029325513196480912,-0.7712609970674487,0.3695014662756597,0.8299120234604105,3.064516129032258,0.05369972766557403,2.4212104285234375,0.804170731707317,104.0
davisan02,33.42081707317074,11.911524390243905,0.5254242284347286,0.7573291914022645,0.7712609970674487,0.9208211143695015,0.4574780058651027,0.46334310850439886,0.9530791788856305,-0.21407624633431088,-0.6011730205278593,0.9120234604105573,0.7800586510263929,4.442815249266862,0.22192255817328954,2.4105415210233168,0.5710975609756097,105.0
wiggiaa01,23.64309756097561,4.158682926829268,0.4765326586928795,0.6882359733198194,0.49266862170087977,0.36363636363636354,0.29032258064516125,0.6891495601173021,0.36070381231671544,0.6099706744868034,-0.4193548387096774,0.46041055718475077,-0.04398826979472137,2.8035190615835774,0.058310677793697786,2.347956643764871,0.8552926829268293,106.0
johnsca01,23.29412195121952,6.43419512195122,0.472168488016859,0.8011454148825745,0.5395894428152492,0.29032258064516125,0.42815249266862176,0.35483870967741926,0.25219941348973607,0.7478005865102639,-0.26392961876832843,0.39589442815249276,0.7624633431085044,3.50733137829912,0.06863408280277485,2.341249634238548,0.6808536585365853,107.0
hausesa01,23.750146341463417,1.197853658536585,0.4383103059323017,0.7660712755489425,0.49853372434017595,0.5366568914956011,0.11730205278592365,0.29032258064516125,0.29032258064516125,0.9413489736070382,0.19941348973607043,-0.6011730205278593,0.29032258064516125,2.5630498533724344,0.028595665856900123,2.3128439859974077,0.9125609756097561,108.0
sabondo01,27.95928048780488,10.516560975609757,0.574527930534297,0.7100740190552461,0.7038123167155426,0.9765395894428153,0.8357771260997067,0.3695014662756597,0.2756598240469208,-0.15249266862170086,-0.873900293255132,0.9560117302052786,0.5102639296187683,3.601173020527859,0.1804240070201758,2.295990051285803,0.6711951219512194,109.0
herroty01,36.50081707317074,7.845719512195123,0.4660186533744461,0.8518060320081472,0.8064516129032258,0.4809384164222874,0.7360703812316716,0.2756598240469208,0.02052785923753664,0.8416422287390029,-0.7214076246334311,0.3401759530791788,0.8856304985337244,3.6656891495601167,0.1331873845965078,2.2959538300670794,0.6499512195121951,110.0
gordoaa01,24.032792682926832,9.619707317073171,0.5261317229594927,0.7139983780285671,0.6070381231671553,0.6480938416422288,0.5718475073313782,0.07624633431085037,0.3167155425219941,0.4252199413489737,-0.3870967741935484,0.8739002932551319,0.5395894428152492,3.6715542521994133,0.12916561142919972,2.283458277729658,0.644609756097561,111.0
brownbr01,21.0245,5.362768292682928,0.4633982257969172,0.7229137538891808,0.39882697947214085,0.5190615835777126,0.5366568914956011,0.7067448680351907,0.28445747800586507,0.19648093841642233,-0.43988269794721413,0.16715542521994142,0.46920821114369504,2.8387096774193545,0.02403594850797769,2.2651258459861188,0.8047560975609755,112.0
garlada01,38.39269512195123,8.551268292682927,0.461417765019073,0.8173772334723046,0.847507331378299,0.02346041055718473,0.9384164222873901,0.7448680351906158,-0.24926686217008798,0.8592375366568914,-0.8973607038123167,0.12316715542521983,0.8357771260997067,3.225806451612903,0.13723477415341623,2.255937951826323,0.7304146341463414,113.0
tatumja01,41.70548780487805,13.43479268292683,0.4428557746215047,0.8077348758597281,0.8856304985337244,0.8797653958944283,0.8064516129032258,0.6422287390029326,0.3108504398826979,0.8739002932551319,-0.81524926686217,-0.7478005865102639,0.9149560117302054,3.7507331378299122,0.22725076721023268,2.2405050947420895,0.6358780487804878,114.0
porzikr01,25.920743902439025,10.349841463414636,0.4761829344138788,0.8071534460367055,0.6392961876832846,0.5894428152492668,0.2375366568914956,0.07038123167155419,0.9002932551319649,0.5542521994134897,-0.3167155425219942,0.4780058651026393,0.8680351906158357,4.020527859237537,0.12173685844500025,2.236384555039973,0.573609756097561,115.0
dunnkr01,18.251731707317077,3.2810365853658543,0.4769569743186311,0.6637715358458001,0.29032258064516125,0.4105571847507332,0.7683284457478006,0.9794721407624634,0.36363636363636354,0.3167155425219941,-0.5454545454545454,0.4222873900293256,-0.36070381231671556,2.6451612903225805,0.021320611210304968,2.2361522197449055,0.8522439024390244,116.0
hollaro01,22.497146341463413,7.18669512195122,0.450776500467578,0.7240785324641549,0.43988269794721413,0.6011730205278591,0.1759530791788857,0.8651026392961876,0.39882697947214085,0.14956011730205288,-0.5835777126099706,-0.22580645161290325,0.5483870967741935,2.3695014662756604,-0.010315629946544313,2.2352286965468506,0.9392439024390244,117.0
larsspe01,20.75098780487805,7.991182926829269,0.482297166349544,0.7211105603715926,0.4545454545454546,0.29618768328445744,0.6246334310850439,0.595307917888563,0.04692082111436946,0.2668621700879765,-0.42521994134897356,0.5131964809384164,0.5513196480938416,2.923753665689149,0.05982204478013843,2.23316814440149,0.7797560975609756,118.0
kornelu01,11.479317073170732,4.557170731707318,0.6413935621088799,0.7058762408219718,0.14662756598240478,0.7536656891495601,0.25806451612903225,0.029325513196480912,0.9178885630498534,-0.8093841642228738,0.24926686217008798,0.9061583577712611,0.2375366568914956,2.6891495601173023,0.00613009217709703,2.221605558953708,0.8280243902439024,119.0
horfoal01,17.84539024390244,1.9845,0.4480187790340207,0.7508546892701982,0.25806451612903225,0.6950146627565983,0.47214076246334313,0.1788856304985338,0.8621700879765395,0.6392961876832846,-0.058651026392961825,-0.2375366568914956,0.3724340175953078,3.1818181818181817,0.03015826562254209,2.197860007899164,0.6973658536585365,120.0
blackan01,28.097743902439024,9.455890243902438,0.4447651885862366,0.6897282660259559,0.6011730205278591,0.46334310850439886,0.7214076246334311,0.9002932551319649,0.7624633431085044,0.501466275659824,-0.7888563049853372,-0.5131964809384164,0.02639296187683282,2.6744868035190623,0.08946020754813398,2.1764032455200115,0.8419268292682927,121.0
toppiob01,19.751951219512197,4.825987804878048,0.5232583789166888,0.7637857635654626,0.4457478005865103,0.4076246334310851,0.25219941348973607,0.09090909090909083,0.1378299120234605,0.5395894428152492,-0.2111436950146628,0.8035190615835777,0.6304985337243403,3.096774193548387,0.041019614813233664,2.174579301067209,0.7116341463414634,122.0
greenja01,14.861853658536589,4.402829268292683,0.4995051842556086,0.706446977129158,0.21994134897360706,0.46041055718475077,-0.2434017595307918,0.7712609970674487,0.5483870967741935,0.26392961876832843,0.07624633431085037,0.5894428152492668,0.23460410557184752,2.9208211143695015,0.02908237725931317,2.1573076280973007,0.7460243902439024,123.0
sheppre01,30.5749756097561,3.0825609756097565,0.4130859615823561,0.7014553549076089,0.5777126099706744,0.25513196480938416,0.7096774193548387,0.9442815249266863,0.7595307917888563,0.8973607038123168,-0.6451612903225806,-0.9706744868035191,0.1407624633431086,2.6686217008797657,0.11105482398151363,2.152847513549085,0.8417560975609756,124.0
divindo01,32.3939512195122,4.631268292682927,0.423987004713581,0.6733465713269401,0.686217008797654,0.6158357771260996,0.7653958944281525,0.9325513196480939,0.4838709677419355,0.9765395894428153,-0.7126099706744868,-0.9266862170087976,-0.3167155425219942,2.504398826979472,0.09125335482018188,2.14705204094875,0.8897317073170732,125.0
onealro01,25.172682926829268,2.273634146341464,0.4167833085196024,0.6193516526193249,0.49560117302052786,0.7653958944281525,0.6774193548387097,0.8416422287390029,0.6950146627565983,0.9325513196480939,-0.530791788856305,-0.9090909090909091,-0.6099706744868035,2.357771260997068,0.047654259719811826,2.1151093197791933,0.9155853658536586,126.0
lavinza01,32.910841463414634,8.994487804878048,0.4854095521791336,0.8201080819300574,0.7771260997067448,0.2111436950146628,0.565982404692082,0.2082111436950147,-0.02052785923753664,0.8035190615835777,-0.718475073313783,0.6950146627565983,0.8621700879765395,3.3841642228739,0.13672244636140266,2.088817915370429,0.643219512195122,127.0
jonesde01,20.19039024390244,5.601792682926829,0.5045108939441976,0.6729851494925589,0.43401759530791795,0.346041055718475,-0.07331378299120239,0.5982404692082111,0.7917888563049853,0.36070381231671544,-0.15249266862170086,0.7155425219941349,-0.39589442815249265,2.624633431085044,0.018810205029437477,2.067879621535249,0.7935609756097561,128.0
caldwke01,20.89218292682927,5.048536585365853,0.4369611705837733,0.8032066868879476,0.4105571847507332,0.035190615835777095,0.5219941348973607,0.8504398826979471,0.4105571847507332,0.5806451612903225,-0.3782991202346041,-0.563049853372434,0.7096774193548387,2.577712609970674,0.014685966303726851,2.065799474795559,0.8059999999999999,129.0
georgky01,27.88006097560976,6.259707317073171,0.4181410503799986,0.7309543717893605,0.5689149560117301,0.6422287390029326,0.718475073313783,0.7038123167155426,0.8328445747800586,0.7536656891495601,-0.7976539589442815,-0.9237536656891495,0.563049853372434,3.0615835777126104,0.13618450217978825,2.0629771578263534,0.7051951219512195,130.0
murrake01,30.64378048780488,4.470951219512195,0.435529953602028,0.7207199593774261,0.5923753665689149,0.7360703812316716,0.11436950146627556,0.5542521994134897,0.8885630498533725,0.7302052785923754,-0.2375366568914956,-0.7624633431085044,0.43108504398826986,3.04692082111437,0.09583868855870503,2.046827380572816,0.6935853658536586,131.0
thompau01,22.963756097560974,7.480353658536585,0.5205123433615078,0.5736590709452465,0.46334310850439886,0.8005865102639296,0.6070381231671553,0.9912023460410557,0.8739002932551319,-0.4369501466275659,-0.6070381231671554,0.8269794721407624,-0.9794721407624634,2.5395894428152497,0.0434787882148997,2.0124739950846133,0.8062439024390243,132.0
georgpa01,31.313817073170732,7.329768292682927,0.4466789574780848,0.8043483789324569,0.6832844574780059,0.5102639296187683,0.6480938416422288,0.8856304985337244,0.33870967741935476,0.7859237536656891,-0.6950146627565983,-0.5043988269794721,0.7917888563049853,3.4442815249266863,0.15670323024993896,2.0068660868090156,0.6104390243902439,133.0
huffja01,15.727548780487805,3.6289024390243902,0.5003596516663636,0.7446563585519697,0.29912023460410553,0.25219941348973607,-0.1378299120234604,-0.055718475073313734,0.9296187683284458,0.4486803519061584,0.04692082111436946,0.6099706744868034,0.4809384164222874,2.873900293255132,0.05428890462638969,2.004262300248685,0.7108292682926829,134.0
whiteco01,35.70845121951219,11.027219512195122,0.4485817408565337,0.8118765386808459,0.81524926686217,0.3841642228739004,0.782991202346041,0.39296187683284467,-0.15542521994134895,0.8856304985337244,-0.8563049853372434,-0.49853372434017595,0.8944281524926687,2.645161290322581,0.13003656867562313,1.9987266751390533,0.7946829268292683,135.0
nembhan01,30.26885365853659,7.767609756097562,0.4535507528929315,0.7668303166245507,0.653958944281525,0.24633431085043989,0.9472140762463344,0.8005865102639296,-0.17888563049853368,0.5190615835777126,-0.844574780058651,-0.21407624633431088,0.718475073313783,2.648093841642229,0.09827224557077056,1.9884877003119223,0.7798536585365854,136.0
millebr02,38.663987804878055,7.470024390243903,0.4251177320500072,0.8248665837534698,0.8005865102639296,0.49853372434017595,0.595307917888563,0.5483870967741935,0.6422287390029326,0.9178885630498534,-0.8357771260997068,-0.9501466275659824,0.8269794721407624,3.0439882697947214,0.14691776942247634,1.9782045299614968,0.6828292682926829,137.0
monkma01,30.539634146341463,6.920353658536586,0.443359449869283,0.8051247842188086,0.6715542521994136,0.06451612903225801,0.7565982404692082,0.3020527859237536,0.5425219941348973,0.7800586510263929,-0.7448680351906158,-0.5923753665689149,0.7771260997067448,2.5571847507331373,0.10851880141104552,1.9721913897198562,0.8054146341463414,138.0
chrisma01,22.51370731707317,5.386243902439024,0.4362516884754587,0.7883641108508284,0.46627565982404695,0.40175953079178894,0.32551319648093835,0.313782991202346,0.46334310850439886,0.7067448680351907,-0.43108504398826974,-0.6187683284457478,0.7038123167155426,2.331378299120235,0.05113808870550521,1.9714623165556429,0.8645853658536585,139.0
brookdi01,42.30535365853659,8.372768292682926,0.4305067757730211,0.7793606926884827,0.8533724340175952,0.4897360703812317,0.39882697947214085,0.7302052785923754,0.008797653958944274,0.8914956011730206,-0.6539589442815249,-0.9384164222873901,0.7653958944281525,2.545454545454546,0.10493250686694917,1.9686084112236342,0.8066341463414635,140.0
claxtni01,24.9459512195122,9.438219512195122,0.5913449388190426,0.5555128717553341,0.5835777126099706,0.935483870967742,0.653958944281525,0.5366568914956011,0.9794721407624634,-0.718475073313783,-0.5865102639296187,0.9618768328445748,-0.9912023460410557,2.3548387096774195,0.06043683813055484,1.9605384187261672,0.8544878048780488,141.0
moodymo01,23.065939024390246,5.801378048780488,0.4426312386728478,0.7121445989394497,0.5073313782991202,0.26392961876832843,0.1436950146627567,0.5249266862170088,0.5689149560117301,0.7712609970674487,-0.21700879765395897,-0.4838709677419355,0.4105571847507332,2.489736070381232,0.058285061404097074,1.955894773831095,0.8044146341463415,142.0
hardati01,33.59982926829269,8.24190243902439,0.4212985280113409,0.7706154573913755,0.7536656891495601,0.281524926686217,0.3489736070381231,0.36363636363636354,-0.19941348973607043,0.9648093841642229,-0.16129032258064513,-0.9413489736070382,0.7448680351906158,2.155425219941349,0.044529060188527925,1.9553591524695704,0.9263170731707316,143.0
hachiru01,24.636756097560976,4.886,0.5170961339946188,0.6677373473368752,0.565982404692082,0.4750733137829912,-0.09384164222873903,0.2434017595307918,0.33870967741935476,0.6158357771260996,-0.04398826979472137,0.8299120234604105,-0.4486803519061584,2.482404692082111,0.026059643286431962,1.9419504490649546,0.7905853658536586,144.0
nesmiaa01,24.08853658536585,5.671621951219513,0.4573697750916261,0.7789275119754377,0.5249266862170088,0.3900293255131966,0.10557184750733128,0.3372434017595307,0.5131964809384164,0.7360703812316716,-0.29912023460410553,-0.04692082111436946,0.6979472140762464,2.9589442815249267,0.06256299846741191,1.9373965045817645,0.6689024390243903,145.0
mannte01,18.603695121951223,4.263939024390244,0.4913641234153232,0.6861597885675962,0.35483870967741926,0.3343108504398826,0.5483870967741935,0.4105571847507332,0.16422287390029333,0.29032258064516125,-0.2785923753665689,0.5835777126099706,-0.07331378299120239,2.3343108504398824,0.00451625963225377,1.937138965869075,0.8314634146341464,146.0
rolliry01,21.26164634146341,5.230536585365854,0.4762590359963516,0.7321592079430855,0.4428152492668622,0.20234604105571852,0.6627565982404693,0.8328445747800586,0.3724340175953078,0.4809384164222874,-0.7771260997067448,0.43988269794721413,0.5219941348973607,3.1788856304985336,0.14402311739759863,1.9298024531476703,0.6358780487804878,147.0
aldamsa01,25.46668292682927,5.503963414634146,0.4731071042905894,0.6286998976779443,0.533724340175953,0.7712609970674487,0.5249266862170088,0.40175953079178894,0.718475073313783,0.6451612903225807,-0.36656891495601174,0.43108504398826986,-0.8533724340175953,2.806451612903226,0.09063856146976568,1.9183576044527912,0.7063658536585365,148.0
suggsja01,26.712853658536588,6.33679268292683,0.4305452743318728,0.781122905666504,0.5601173020527859,0.2375366568914956,0.7243401759530792,0.9149560117302054,0.7038123167155426,0.686217008797654,-0.8064516129032258,-0.782991202346041,0.7126099706744868,2.9501466275659824,0.10539360187976164,1.916669697111126,0.6737560975609755,149.0
niangge01,25.570146341463413,3.1608414634146347,0.4548630092209595,0.7186119765464715,0.5454545454545454,0.4868035190615836,0.20234604105571852,0.058651026392961825,0.11143695014662747,0.8826979472140764,-0.43401759530791784,-0.12903225806451613,0.29325513196480935,2.0175953079178885,0.009639537552391286,1.9099087593344792,0.951170731707317,150.0
dortlu01,24.67969512195122,4.727134146341464,0.4141657081494743,0.6875690527870241,0.4868035190615836,0.5161290322580645,0.2082111436950147,0.782991202346041,0.6158357771260996,0.8211143695014662,-0.25513196480938416,-0.9149560117302052,-0.058651026392961825,2.2023460410557183,0.022908827365547606,1.8915388734622205,0.8679024390243903,151.0
kennalu01,17.62651219512195,3.0667682926829265,0.4939618221006548,0.801388244421547,0.3841642228739004,0.09090909090909083,0.5894428152492668,0.29618768328445744,-0.5806451612903225,0.7595307917888563,-0.28739002932551316,0.5982404692082111,0.6041055718475072,2.454545454545454,0.036331815516307785,1.887563197313409,0.7805609756097561,152.0
thompkl01,36.524634146341455,4.07169512195122,0.4154673629100273,0.7660137068723685,0.7390029325513197,0.2404692082111437,0.3724340175953078,0.32844574780058644,0.49560117302052786,0.9794721407624634,-0.501466275659824,-0.9824046920821115,0.5894428152492668,2.26099706744868,0.08543843438082588,1.8822827168491705,0.8651951219512195,153.0
antetgi01,43.36756097560976,25.00510975609756,0.6069115447362605,0.6385282187075083,0.9648093841642229,0.9589442815249267,0.8768328445747802,0.5073313782991202,0.8093841642228738,-0.25219941348973607,-0.935483870967742,1.0,-0.9941348973607038,2.935483870967742,0.24915278031882038,1.8778109526340998,0.6990243902439024,154.0
baileac01,37.919,4.753682926829269,0.4458006635400493,0.6655906235047458,0.7448680351906158,0.6363636363636365,0.3812316715542523,0.6744868035190617,0.8416422287390029,0.8123167155425219,-0.7067448680351907,-0.6275659824046921,-0.4838709677419355,2.2727272727272734,0.10800647361903193,1.8755985772566137,0.8664390243902439,155.0
embiijo01,31.899256097560976,16.61637804878049,0.4925560761138847,0.8562528322565163,0.8181818181818181,0.718475073313783,0.6041055718475072,0.02052785923753664,0.7947214076246334,0.15835777126099715,-0.7741935483870968,0.7595307917888563,0.9824046920821115,4.0821114369501466,0.22801925889825322,1.8728067917884843,0.4859268292682926,156.0
huertke01,26.810512195121955,3.4615,0.4495179098658145,0.6525835801371764,0.530791788856305,0.39296187683284467,0.6099706744868034,0.7214076246334311,0.501466275659824,0.782991202346041,-0.3812316715542522,-0.3401759530791789,-0.5249266862170088,2.2932551319648087,0.05216274428953276,1.8615278623090048,0.8306341463414634,157.0
kuzmaky01,37.16641463414634,9.45640243902439,0.4610623801763347,0.673827819253945,0.782991202346041,0.750733137829912,0.6568914956011731,0.3108504398826979,0.5454545454545454,0.6686217008797655,-0.8621700879765396,0.10557184750733128,-0.5689149560117301,2.3900293255131957,0.12750054610515504,1.8430780171572967,0.814609756097561,158.0
stewais01,17.55565853658537,5.672731707317073,0.5200795576900534,0.6952317122954705,0.3665689149560116,0.7419354838709677,0.1407624633431086,-0.22873900293255134,0.9442815249266863,0.13489736070381242,-0.42815249266862165,0.7624633431085044,0.12316715542521983,2.5571847507331373,0.033770176556239005,1.8422772792399291,0.7300731707317073,159.0
barrerj01,37.48551219512195,12.791219512195124,0.4800755151839635,0.6778775539217732,0.8328445747800586,0.6686217008797655,0.7126099706744868,0.24926686217008798,0.23460410557184752,0.5982404692082111,-0.7683284457478006,0.653958944281525,-0.5718475073313782,2.6099706744868034,0.10390785128292179,1.838044272111315,0.7334390243902439,160.0
mamuksa01,18.863804878048786,4.883097560975609,0.4998772283522786,0.6657006230896837,0.39296187683284467,0.6656891495601174,0.22287390029325516,0.14662756598240478,0.46920821114369504,0.4222873900293256,-0.07624633431085048,0.6568914956011731,-0.4897360703812317,2.410557184750734,0.044554676578128456,1.8352100430464686,0.7756585365853659,161.0
georgke01,40.523,15.108134146341463,0.4246182541439443,0.837634757704806,0.8739002932551319,0.40469208211143703,0.9178885630498534,0.49853372434017595,-0.09677419354838712,0.9002932551319649,-0.9472140762463344,-0.9736070381231672,0.9589442815249267,2.536656891495601,0.17045923146550823,1.8290707912032618,0.773,162.0
mathube01,33.35184146341463,15.146207317073172,0.4425232823671666,0.8253350995442563,0.7888563049853372,0.6803519061583578,0.4193548387096775,0.3782991202346042,0.1407624633431086,0.5571847507331378,-0.7800586510263929,-0.6568914956011731,0.9442815249266863,2.4721407624633436,0.09729882276594438,1.8253846070152155,0.7686341463414634,163.0
richawi01,15.802329268292684,3.318170731707317,0.474097610951406,0.7414618331410142,0.22580645161290325,0.14956011730205288,0.19061583577712615,0.8973607038123168,-0.2785923753665689,0.3782991202346042,-0.18768328445747806,0.35777126099706735,0.46041055718475077,2.1935483870967745,0.014711582693327473,1.8083282629326949,0.8299512195121951,164.0
greendr01,19.647548780487806,4.957878048780489,0.4488890060922218,0.6437226219973671,0.3431085043988269,0.8181818181818181,0.9149560117302054,0.8035190615835777,0.8445747800586509,0.46041055718475077,-0.9032258064516129,-0.2434017595307918,-0.7419354838709677,2.296187683284458,0.08036638923988977,1.784168497080325,0.8051951219512195,165.0
willizi01,31.59023170731708,16.460670731707317,0.5820632402704363,0.6897771105449394,0.8240469208211143,0.6598240469208212,0.6950146627565983,0.530791788856305,0.6217008797653958,-0.6774193548387097,-0.782991202346041,0.9794721407624634,0.04398826979472137,2.894428152492668,0.16490047492215898,1.765604964313353,0.6468536585365854,166.0
ballla01,41.50410975609756,8.90237804878049,0.4133700253423129,0.8246250097466397,0.8504398826979471,0.49266862170087977,0.9208211143695015,0.7360703812316716,0.04105571847507328,0.935483870967742,-0.9090909090909091,-0.9941348973607038,0.8651026392961876,2.93841642228739,0.21713229331796113,1.7641885889757905,0.6482926829268292,167.0
grantje01,32.340939024390245,12.834841463414635,0.4325361928460838,0.7970333301631676,0.7565982404692082,0.25806451612903225,0.3900293255131966,0.3753665689149561,0.7478005865102639,0.7771260997067448,-0.6656891495601174,-0.8387096774193549,0.8973607038123168,2.6979472140762466,0.12183932400340308,1.761492309712004,0.6837804878048781,168.0
smithja01,18.580048780487807,4.866195121951219,0.4995832499164843,0.6782600328000392,0.3900293255131966,0.7859237536656891,-0.07624633431085048,-0.2052785923753666,0.7888563049853372,0.4457478005865103,-0.08504398826979476,0.6480938416422288,-0.2375366568914956,2.454545454545455,0.027494161104070703,1.7538109431899485,0.722609756097561,169.0
elliske01,14.06769512195122,3.4060121951219515,0.4654317017457007,0.6642968995721914,0.18181818181818188,-0.06451612903225812,0.07917888563049846,0.8709677419354838,0.7302052785923754,0.5894428152492668,0.011730205278592365,0.1730205278592376,-0.3724340175953079,2.1994134897360698,0.017324454432597624,1.748970972637627,0.8015121951219513,170.0
mccontj01,22.89093902439025,2.993439024390244,0.5375614769912175,0.6941886172198688,0.42815249266862176,0.08504398826979465,0.8797653958944283,0.7653958944281525,-0.07917888563049857,-0.3137829912023461,-0.5777126099706744,0.8856304985337244,0.0674486803519061,2.1407624633431084,0.020885132587093163,1.737161916066844,0.8194634146341463,171.0
quickim01,33.18460975609756,9.170853658536588,0.4347614619239448,0.8045838377898827,0.7419354838709677,0.3870967741935485,0.8651026392961876,0.6070381231671553,-0.4164222873900293,0.8387096774193548,-0.5513196480938416,-0.8181818181818181,0.8328445747800586,2.4868035190615836,0.11840672779691097,1.732395604147013,0.7314634146341463,172.0
okorois01,18.28715853658537,4.923219512195121,0.4710653210328769,0.6771422193540366,0.36070381231671544,0.18181818181818188,0.24633431085043989,0.4516129032258065,0.5102639296187683,0.39882697947214085,0.0029325513196480912,0.3343108504398826,-0.24926686217008798,2.2375366568914954,-0.0052435848056081695,1.7196107238534182,0.7667317073170732,173.0
jamessi01,15.47469512195122,4.9078536585365855,0.3800452926516117,0.7373903721241652,0.16129032258064524,0.5571847507331378,0.533724340175953,0.5278592375366569,0.24926686217008798,0.46334310850439886,-0.3460410557184751,-0.935483870967742,0.5366568914956011,1.7478005865102637,-0.035957635936832766,1.7174981304279031,0.9628536585365853,174.0
schrode01,30.45657317073171,9.534939024390244,0.4142744750234195,0.7925159887974275,0.6598240469208212,0.21994134897360706,0.903225806451613,0.6334310850439884,-0.058651026392961825,0.6304985337243403,-0.8005865102639296,-0.967741935483871,0.8240469208211143,2.0439882697947223,0.08951144032733539,1.7166503684378067,0.8783170731707318,175.0
hieldbu01,24.882524390243905,3.049609756097561,0.4353822585231834,0.7229238366389155,0.5102639296187683,0.24926686217008798,0.39296187683284467,0.6011730205278591,0.3049853372434017,0.8357771260997067,-0.4486803519061584,-0.6803519061583578,0.313782991202346,2.0791788856304985,0.06238368374020717,1.697993989610999,0.8419268292682927,176.0
carusal01,14.761548780487807,3.2439878048780493,0.4463052516637759,0.7017773496320412,0.12903225806451624,0.16422287390029333,0.4750733137829912,0.9120234604105573,0.5923753665689149,0.33137829912023453,-0.22287390029325516,-0.21700879765395897,0.16129032258064524,2.325513196480939,0.005540915216281239,1.6968050926410558,0.731390243902439,177.0
coulibi01,23.30248780487805,7.74379268292683,0.4262372282221095,0.7029324634286284,0.46041055718475077,0.5043988269794721,0.5043988269794721,0.8269794721407624,0.8035190615835777,0.3489736070381231,-0.6099706744868035,-0.7800586510263929,0.3167155425219941,2.3753665689149557,0.0608210839745652,1.6905214412689007,0.730390243902439,178.0
goberru01,22.16276829268293,13.727,0.6657926493136709,0.5922830666363754,0.6656891495601174,0.9970674486803519,0.3167155425219941,0.6158357771260996,0.9853372434017595,-0.906158357771261,-0.6686217008797655,0.9882697947214076,-0.9970674486803519,1.997067448680352,0.09371252822184806,1.689065010389322,0.8874146341463415,179.0
watsope01,22.431158536585368,7.516975609756098,0.4810352773037316,0.6697048490636541,0.4809384164222874,0.5278592375366569,0.21994134897360706,0.36070381231671544,0.9384164222873901,0.3401759530791788,-0.46041055718475077,0.5161290322580645,-0.5747800586510263,2.3489736070381233,0.0880256897304954,1.6781748053537984,0.7422439024390244,180.0
rileywi01,27.524085365853654,8.823670731707319,0.4401648397231887,0.7476081896226936,0.5865102639296187,0.32258064516129026,0.5073313782991202,0.6568914956011731,-0.02346041055718473,0.4838709677419355,-0.6392961876832844,-0.6304985337243402,0.7008797653958945,1.9648093841642231,0.07975159588947336,1.6754485576224427,0.8888048780487805,181.0
robindu01,26.93318292682927,4.173707317073171,0.4422545450758119,0.7259108507919251,0.5982404692082111,0.10557184750733128,0.530791788856305,0.281524926686217,0.07917888563049846,0.9296187683284458,-0.40175953079178883,-0.5601173020527859,0.43401759530791795,1.9970674486803515,0.0413526278780426,1.66727073491471,0.8525121951219513,182.0
roziete01,32.59131707317073,6.80280487804878,0.4185476038328077,0.7899588875266572,0.6334310850439884,0.36070381231671544,0.7272727272727273,0.3900293255131966,0.15249266862170097,0.7390029325513197,-0.5366568914956011,-0.9530791788856305,0.750733137829912,2.263929618768328,0.11005578478708687,1.6486590861422756,0.7654390243902439,183.0
mitchaj01,20.516658536585364,5.418853658536586,0.4865196796564627,0.8034442554228938,0.4252199413489737,0.07331378299120228,0.5689149560117301,0.5747800586510263,-0.04105571847507328,0.1730205278592376,-0.36950146627565983,0.5689149560117301,0.7272727272727273,2.7008797653958947,0.04954987255026261,1.6419492026644742,0.6192926829268293,184.0
achiupr01,21.41487804878049,5.796426829268293,0.5149273707606802,0.5746974535491631,0.4193548387096775,0.8709677419354838,0.08797653958944274,0.5718475073313782,0.8387096774193548,-0.20234604105571852,-0.3196480938416423,0.7859237536656891,-0.9560117302052786,2.096774193548386,0.061384644545780326,1.6335738658409693,0.8025853658536585,185.0
tysonja01,22.97348780487805,4.016207317073171,0.4823930588772804,0.670898355935451,0.46920821114369504,0.6246334310850439,0.40175953079178894,0.3401759530791788,0.2052785923753666,0.5718475073313782,-0.49853372434017595,0.5366568914956011,-0.3137829912023461,2.3372434017595305,0.09635101635071895,1.6192360441493037,0.7225853658536585,186.0
wellsja01,30.11348780487805,7.562134146341465,0.4308207801599086,0.7396512271469112,0.6510263929618769,0.4486803519061584,0.36070381231671544,0.5571847507331378,-0.3196480938416423,0.8093841642228738,-0.46334310850439886,-0.8328445747800587,0.6422287390029326,1.8533724340175948,0.024010332118376942,1.6026550570272682,0.8760731707317072,187.0
sharpsh01,38.12464634146341,9.087451219512197,0.4454100859846614,0.7559498607483104,0.7947214076246334,0.5131964809384164,0.49853372434017595,0.6598240469208212,0.058651026392961825,0.7038123167155426,-0.8504398826979472,-0.6392961876832844,0.7214076246334311,2.4604105571847503,0.1517336506674055,1.5996315502523106,0.6928780487804879,188.0
batumni01,11.244817073170733,1.463939024390244,0.4355550917929586,0.6758317840414302,-0.038123167155425186,0.31964809384164217,0.15835777126099715,0.4809384164222874,0.6334310850439884,0.5777126099706744,0.06451612903225801,-0.3196480938416423,-0.1055718475073314,1.7712609970674484,-0.028349568225428425,1.5818576868924388,0.879,189.0
conlemi01,15.762719512195122,4.228512195121952,0.4109022738578664,0.797472977305314,0.2082111436950147,-0.04398826979472137,0.7624633431085044,0.6099706744868034,0.13196480938416433,0.6217008797653958,-0.24633431085043989,-0.7741935483870968,0.6715542521994136,1.9413489736070382,0.0224733487423358,1.5226980110969044,0.7935365853658536,190.0
washipj01,30.6509512195122,8.576536585365854,0.4463466932485729,0.6679766701535685,0.6480938416422288,0.8240469208211143,0.35483870967741926,0.6832844574780059,0.8768328445747802,0.6187683284457477,-0.6891495601173021,-0.5073313782991202,-0.686217008797654,2.12316715542522,0.10598277884057752,1.5221870104183477,0.754609756097561,191.0
laravja01,17.501365853658534,6.01359756097561,0.4431123095175992,0.6969913553486681,0.3167155425219941,0.4457478005865103,0.346041055718475,0.718475073313783,0.4428152492668622,0.3753665689149561,-0.4369501466275659,-0.3548387096774194,0.1759530791788857,2.029325513196481,0.057747117222482706,1.5136432480505744,0.7677317073170732,192.0
poolejo01,33.41774390243902,8.94958536585366,0.4084380158198056,0.826227873895898,0.7214076246334311,-0.061583577712609916,0.7067448680351907,0.4897360703812317,0.346041055718475,0.8768328445747802,-0.8211143695014662,-0.9912023460410557,0.8709677419354838,2.1378299120234603,0.135287928543764,1.4972176088191855,0.7476585365853659,193.0
konchjo01,9.512829268292684,2.021207317073171,0.4563813680375261,0.6692361709942353,-0.16422287390029322,0.5777126099706744,0.2756598240469208,0.8387096774193548,0.6598240469208212,0.02052785923753664,0.10557184750733128,0.014662756598240456,-0.19061583577712615,2.1378299120234603,0.007026665813121134,1.4562221209466755,0.6834146341463414,194.0
spencca01,17.79801219512195,4.523024390243903,0.4588951723048484,0.8922382689267268,0.3782991202346042,-0.058651026392961825,0.7448680351906158,0.26099706744868034,-0.4105571847507331,0.6363636363636365,-0.1378299120234604,0.029325513196480912,0.8093841642228738,2.2521994134897367,0.06135902815617953,1.4463821353709445,0.6601951219512195,195.0
nurkiju01,20.47670731707317,7.807646341463414,0.5016784340575016,0.5965902562204485,0.4222873900293256,0.9384164222873901,0.6920821114369502,0.6480938416422288,0.7243401759530792,-0.04398826979472137,-0.7947214076246334,0.7038123167155426,-0.9618768328445748,2.328445747800587,0.13733723971181896,1.4397186148271077,0.6570731707317073,196.0
reedpa01,14.128731707317074,4.453109756097561,0.5677789898765458,0.6362415062758142,0.18768328445747806,0.6392961876832846,0.04985337243401755,0.6950146627565983,0.8709677419354838,-0.43988269794721413,-0.20234604105571852,0.8563049853372433,-0.7565982404692082,1.9002932551319647,0.036664828581116804,1.4298120923313042,0.767219512195122,197.0
willima07,15.530524390243905,6.577951219512195,0.6256461802068902,0.727970692109142,0.3695014662756597,0.81524926686217,-0.16129032258064513,0.18768328445747806,0.7800586510263929,-0.8123167155425219,-0.15835777126099704,0.9384164222873901,0.5542521994134897,2.5131964809384164,0.0787013239158452,1.4237046434129312,0.5848048780487805,198.0
smithja04,17.89396341463415,5.548268292682928,0.5462627785368447,0.659918933071504,0.4076246334310851,0.7243401759530792,-0.12023460410557185,-0.28739002932551316,0.7683284457478006,0.2375366568914956,-0.11730205278592376,0.8592375366568914,-0.6217008797653959,1.850439882697947,0.027084298870459517,1.4155020701864658,0.7763170731707317,199.0
kispeco01,21.697524390243903,4.928768292682927,0.4688881134550721,0.7204273603782592,0.47214076246334313,0.07624633431085037,0.23460410557184752,-0.12316715542521994,-0.09090909090909094,0.718475073313783,-0.23460410557184752,0.3167155425219941,0.43695014662756604,1.8064516129032258,0.019450614769454682,1.4116000323550841,0.7899268292682927,200.0
harteis01,15.890597560975612,5.530256097560976,0.6027282392569814,0.6107508660357283,0.3079178885630498,0.9296187683284458,0.6275659824046922,0.5601173020527859,0.8592375366568914,-0.7976539589442815,-0.5278592375366569,0.9296187683284458,-0.9090909090909091,1.979472140762463,0.07621653412457857,1.3897479597932922,0.7301951219512195,201.0
risacza01,26.116146341463416,5.4619634146341465,0.4579423414470797,0.6244118236370284,0.5366568914956011,0.4838709677419355,0.061583577712609916,0.5395894428152492,0.6627565982404693,0.6715542521994136,-0.4134897360703812,-0.029325513196480912,-0.8680351906158358,1.6451612903225805,0.036818526918720965,1.3714848705884328,0.8527317073170733,202.0
westbru01,34.98164634146342,9.326219512195122,0.4372030129380251,0.6512768760748235,0.7096774193548387,0.7624633431085044,0.9530791788856305,0.9208211143695015,0.43988269794721413,0.6275659824046922,-0.967741935483871,-0.7888563049853372,-0.8709677419354839,1.7859237536656893,0.12693698553394003,1.3704039966606365,0.826048780487805,203.0
murraco01,15.391548780487806,5.401951219512196,0.572490700202903,0.615643331771761,0.2697947214076246,0.6334310850439884,0.2727272727272727,0.5161290322580645,0.8651026392961876,-0.3108504398826979,-0.281524926686217,0.8826979472140764,-0.8944281524926686,1.9530791788856305,0.054314521015990484,1.345622095099031,0.7086829268292684,204.0
sensabr01,27.70010975609756,6.074121951219513,0.4481456195535184,0.7834822591512038,0.6158357771260996,0.3079178885630498,0.35190615835777117,0.29325513196480935,-0.1348973607038123,0.7976539589442815,-0.7155425219941349,-0.4046920821114369,0.7067448680351907,1.8181818181818181,0.0937125282218481,1.343824239371245,0.7792682926829269,205.0
carrica01,30.93248780487805,4.927658536585367,0.415780825490889,0.6668245693146596,0.6099706744868034,0.6187683284457477,0.9002932551319649,0.5425219941348973,0.25806451612903225,0.8651026392961876,-0.9149560117302052,-0.9618768328445748,-0.47214076246334313,1.4457478005865103,0.050164665900679195,1.3426871300199341,0.9620975609756097,206.0
joneshe01,17.938097560975613,4.357756097560976,0.4317502344274854,0.7420196585203324,0.2404692082111437,0.16715542521994142,0.46041055718475077,0.8944281524926687,0.4897360703812317,0.3079178885630498,-0.39002932551319647,-0.5835777126099706,0.5278592375366569,2.114369501466276,0.03784318250274839,1.3175812728740528,0.6345121951219512,207.0
easonta01,21.635719512195124,3.970963414634147,0.4488656146507122,0.6713817158751741,0.3812316715542523,0.7155425219941349,-0.017595307917888547,0.8592375366568914,0.6392961876832846,0.32258064516129026,-0.33137829912023464,-0.28739002932551316,-0.29618768328445744,1.9853372434017593,0.05413520628878565,1.3050215522012694,0.6757560975609755,208.0
sandeko01,16.832865853658536,3.814573170731708,0.4688288085839896,0.7204475516922502,0.28739002932551316,0.05278592375366564,0.26392961876832843,0.4780058651026393,-0.11730205278592376,0.46920821114369504,-0.5249266862170088,0.2756598240469208,0.36363636363636354,1.5483870967741935,-0.009828918544131265,1.291837087236224,0.8290487804878048,209.0
ighodos01,13.7315243902439,4.772378048780488,0.6239776165683107,0.4923683223882641,0.19061583577712615,0.7771260997067448,0.4780058651026393,0.6392961876832846,0.8181818181818181,-0.906158357771261,-0.46920821114369504,0.9266862170087977,-0.9853372434017595,1.469208211143695,0.0013398273217686205,1.286067514235396,0.8761463414634145,210.0
mitchda01,21.22015853658537,3.5330365853658536,0.4784328758341769,0.607122628281745,0.4134897360703813,0.061583577712609916,0.8856304985337244,0.6304985337243403,-0.04985337243401755,0.5161290322580645,-0.6510263929618768,0.46627565982404695,-0.8093841642228738,1.4633431085043995,0.030158265622542008,1.2395301104534309,0.8648780487804878,211.0
huntede01,27.93281707317073,8.751963414634147,0.44484942278721,0.8151059222420578,0.6363636363636365,0.35190615835777117,0.16129032258064524,0.2697947214076246,-0.09970674486803521,0.6744868035190617,-0.49560117302052786,-0.5102639296187683,0.847507331378299,1.835777126099707,0.058285061404097074,1.2362240542633005,0.6954878048780488,212.0
mcdanja01,15.141,3.693524390243903,0.4882901156315271,0.661259562052892,0.14956011730205288,-0.032258064516129004,0.5571847507331378,0.9941348973607038,0.4780058651026393,0.032258064516129004,-0.17888563049853368,0.4897360703812317,-0.4428152492668622,2.0469208211143695,0.06458669324586613,1.2336887221144568,0.6223414634146341,213.0
jonesty01,18.26376829268293,2.052878048780488,0.4434013850107611,0.7324416918031372,0.23167155425219943,-0.1055718475073314,0.8269794721407624,0.5865102639296187,-0.3841642228739003,0.533724340175953,-0.14369501466275658,-0.36363636363636365,0.2727272727272727,1.4545454545454544,0.055800271612830465,1.2110062867941305,0.865780487804878,214.0
anderky01,13.875792682926829,4.48580487804878,0.4930127086654623,0.6574671347854107,0.08504398826979465,0.3401759530791788,0.6451612903225807,0.5219941348973607,0.6774193548387097,-0.36363636363636365,-0.2082111436950147,0.5073313782991202,-0.5601173020527859,1.6451612903225805,0.007129131371523877,1.1780247863129476,0.719170731707317,215.0
bryanth01,12.12280487804878,3.5194634146341466,0.5356672553070828,0.720594179960746,0.08211143695014655,0.3782991202346042,-0.3196480938416423,-0.29325513196480935,0.5190615835777126,-0.017595307917888547,0.22580645161290325,0.718475073313783,0.3372434017595307,1.6304985337243403,-0.010418095504947142,1.1618490182079566,0.708048780487805,216.0
zubaciv01,25.17660975609756,8.123670731707318,0.618009914847702,0.664675775466272,0.6275659824046922,0.9736070381231672,0.35777126099706735,-0.0058651026392961825,0.8944281524926687,-0.906158357771261,-0.6217008797653959,0.9824046920821115,-0.7096774193548387,1.592375366568915,0.0998092289468118,1.1603791618708426,0.7774390243902439,217.0
middlkh01,21.67575609756097,5.818451219512196,0.4546682900628266,0.8092370946759115,0.43695014662756604,0.2668621700879765,0.6598240469208212,0.28445747800586507,-0.19061583577712615,0.346041055718475,-0.5982404692082112,-0.12023460410557185,0.7565982404692082,1.8416422287390029,0.06650792246591779,1.1518023890190947,0.6488536585365854,218.0
princta01,17.371695121951223,2.0492926829268296,0.4600841248420086,0.7075432079739945,0.26392961876832843,0.1700879765395895,0.22873900293255134,0.32258064516129026,0.08211143695014655,0.6950146627565983,-0.29618768328445744,0.055718475073313734,0.1436950146627567,1.6656891495601174,0.02544484993601559,1.139129663109675,0.6944878048780487,219.0
merrisa01,19.27842682926829,2.488756097560976,0.4384484850208069,0.7751892367941757,0.3870967741935485,-0.017595307917888547,0.3049853372434017,0.2727272727272727,-0.32258064516129037,0.8445747800586509,0.2111436950146628,-0.501466275659824,0.501466275659824,1.6803519061583578,0.04396549961731271,1.1185299766661656,0.6835365853658536,220.0
willija07,12.941804878048782,3.340109756097561,0.4361859303498812,0.6758619900707845,0.07624633431085037,0.6920821114369502,0.46920821114369504,0.011730205278592365,0.6304985337243403,0.4428152492668622,-0.16422287390029322,-0.3724340175953079,-0.2052785923753666,1.5806451612903227,0.056312599404844135,1.1152165738126052,0.731609756097561,221.0
colliis01,23.69414634146342,9.197487804878048,0.4668285280410841,0.6778651545043225,0.4838709677419355,0.2082111436950147,0.967741935483871,0.7741935483870968,0.22287390029325516,-0.038123167155425186,-0.9296187683284457,0.29032258064516125,-0.4516129032258065,1.527859237536657,0.11666481330406427,1.1041391691453013,0.7824146341463415,222.0
yabusgu01,16.979097560975614,4.869524390243902,0.4618211547459002,0.6610862322532123,0.2668621700879765,0.5747800586510263,0.16715542521994142,0.2404692082111437,0.21407624633431088,0.4780058651026393,-0.18475073313782986,0.1026392961876832,-0.5483870967741935,1.3108504398826981,0.04542563382455198,1.0505495011855408,0.8301951219512195,223.0
paytoga01,13.565231707317077,1.9430121951219512,0.5745963983257528,0.5954998392205864,0.13196480938416433,0.2697947214076246,0.13489736070381242,0.5806451612903225,0.22873900293255134,-0.035190615835777095,-0.06744868035190621,0.8621700879765395,-0.6774193548387097,1.4281524926686215,-0.00316865724795261,1.0467495941243552,0.7313170731707318,224.0
sarral01,33.42346341463416,7.636231707317074,0.4440301037363182,0.6541848689223516,0.6686217008797655,0.8328445747800586,0.49266862170087977,0.3049853372434017,0.9706744868035191,0.4105571847507332,-0.6422287390029325,-0.6217008797653959,-0.7917888563049853,1.624633431085044,0.12434973018427048,1.0447829323931437,0.696390243902439,225.0
aytonde01,25.69734146341464,5.216280487804879,0.6009918052490321,0.6407876499608361,0.5894428152492668,0.9149560117302054,-0.04692082111436946,0.25806451612903225,0.8240469208211143,-0.7008797653958945,-0.5102639296187683,0.9706744868035191,-0.7771260997067448,1.5219941348973605,0.1009363500892421,1.021775207223008,0.7190243902439024,226.0
gaffoda01,16.29719512195122,8.183341463414633,0.6821131438405814,0.6537923871686225,0.4486803519061584,0.8445747800586509,0.017595307917888547,0.24633431085043989,0.9618768328445748,-0.906158357771261,-0.375366568914956,0.9736070381231672,-0.81524926686217,1.3958944281524925,0.05485246519760494,1.0178508498827596,0.759,227.0
leverca01,23.057743902439025,6.351475609756099,0.4369245358863114,0.6658755787146422,0.4516129032258065,0.1407624633431086,0.6979472140762464,0.5689149560117301,0.6568914956011731,0.5219941348973607,-0.5190615835777126,-0.6129032258064516,-0.5835777126099706,1.322580645161291,0.05006220034227619,0.9974682385266705,0.7838536585365853,228.0
fontesi01,20.325012195121957,4.4873414634146345,0.4189654648674822,0.7412300297795845,0.40175953079178894,0.3108504398826979,0.10850439882697938,0.18475073313782997,0.02346041055718473,0.6891495601173021,-0.22873900293255134,-0.8123167155425219,0.533724340175953,1.2111436950146628,0.014737199082928178,0.9943013400579982,0.8310731707317073,229.0
murrade01,26.341085365853655,6.27840243902439,0.4449961382429767,0.7966902405152501,0.5219941348973607,0.32551319648093835,0.7741935483870968,0.7331378299120235,-0.12316715542521994,0.3431085043988269,-0.7595307917888563,-0.4780058651026393,0.7478005865102639,2.085043988269794,0.13526231215416357,0.993913098312602,0.5097560975609756,230.0
landajo01,16.573951219512196,4.805585365853659,0.5182348389990724,0.6226944505939823,0.28445747800586507,0.6568914956011731,0.09384164222873892,-0.04398826979472137,0.5894428152492668,0.017595307917888547,-0.1026392961876833,0.7360703812316716,-0.8387096774193549,1.3929618768328442,0.03261743902420804,0.9813060266494689,0.7213658536585366,231.0
claytwa01,19.636792682926828,5.896134146341463,0.3906770159785234,0.8292766132337369,0.32551319648093835,-0.07331378299120239,0.8181818181818181,0.3870967741935485,0.23167155425219943,0.4076246334310851,-0.7360703812316716,-0.9589442815249267,0.7859237536656891,1.1876832844574778,0.019937326171867643,0.9717355269460598,0.8321463414634147,232.0
poeltja01,17.46269512195122,5.840731707317074,0.655348480965818,0.5869934846076709,0.4164222873900294,0.8387096774193548,0.3431085043988269,0.39882697947214085,0.8504398826979471,-0.906158357771261,-0.46627565982404695,0.967741935483871,-0.9501466275659824,1.4926686217008798,0.07570420633256474,0.94898599711216,0.6697317073170732,233.0
simonan01,34.61107317073171,6.218134146341464,0.433466198999539,0.8470295254949365,0.7302052785923754,0.017595307917888547,0.6832844574780059,0.16129032258064524,-0.3870967741935484,0.9061583577712611,-0.6480938416422287,-0.8504398826979472,0.8211143695014662,1.4340175953079184,0.12199302234100706,0.941969642191561,0.7179512195121951,234.0
gilleco01,19.682121951219514,2.913707317073171,0.425905936320551,0.7308670188072712,0.36363636363636354,0.16129032258064524,0.6744868035190617,0.6363636363636365,-0.3489736070381232,0.7008797653958945,-0.32258064516129037,-0.7126099706744868,0.3665689149560116,1.5190615835777121,0.095684990221101,0.937380277981021,0.6585609756097561,235.0
walteja01,17.3355,4.630670731707318,0.4249973994257757,0.7067734153164446,0.2785923753665689,0.13196480938416433,0.0674486803519061,0.6187683284457477,-0.045454545454545414,0.5689149560117301,-0.0058651026392961825,-0.6686217008797655,0.25806451612903225,1.2038123167155423,0.014378569628518365,0.9277583227278787,0.78,236.0
sharpda01,14.084768292682927,5.4500975609756095,0.5622883640720147,0.6322818567684494,0.19648093841642233,0.7800586510263929,0.25513196480938416,0.4076246334310851,0.6832844574780059,-0.5249266862170088,-0.4897360703812317,0.8387096774193548,-0.8328445747800587,1.3137829912023458,0.0341544224002494,0.9053216072010344,0.7074878048780489,237.0
johnstr01,28.214865853658537,4.27640243902439,0.4215220744308625,0.7936447900445353,0.5278592375366569,0.12609970674486815,0.33137829912023453,0.12023460410557174,0.2111436950146628,0.7126099706744868,-0.5689149560117301,-0.906158357771261,0.6656891495601174,1.2199413489736073,0.006002010229093623,0.9037038170039036,0.7444390243902439,238.0
kalkbry01,12.471439024390245,5.453597560975609,0.7297812280456009,0.652421211432186,0.29325513196480935,0.7741935483870968,-0.20234604105571852,0.19941348973607043,0.967741935483871,-0.906158357771261,-0.3049853372434017,0.9648093841642229,-0.7126099706744868,1.0733137829912023,-0.011365901920172531,0.9018450189986307,0.8314390243902439,239.0
champju01,14.49930487804878,3.153926829268293,0.4833218534961553,0.6496879669766266,0.10850439882697938,0.49560117302052786,-0.15542521994134895,0.28739002932551316,0.5073313782991202,0.12316715542521983,0.13489736070381242,0.43401759530791795,-0.5161290322580645,1.4193548387096773,0.03827866112596007,0.8716611767642403,0.6311463414634146,240.0
colliza01,14.017158536585368,4.216560975609757,0.5286741780373642,0.6937622599366674,0.1759530791788857,0.5219941348973607,0.15542521994134906,-0.281524926686217,0.4076246334310851,0.008797653958944274,-0.24926686217008798,0.7331378299120235,0.07917888563049846,1.5513196480938418,0.03569140577629071,0.8670872207756214,0.5720975609756097,241.0
dunnry01,18.141439024390245,2.406207317073171,0.443549323839419,0.4852968672809546,0.2111436950146628,0.6070381231671553,0.06451612903225801,0.6041055718475072,0.6011730205278591,0.3343108504398826,-0.14956011730205276,-0.35777126099706746,-0.9266862170087976,0.9882697947214073,0.006130092177096987,0.8495268880739371,0.8649756097560976,242.0
cliffni01,26.247012195121957,4.98869512195122,0.4190477982868368,0.6514854610757882,0.4750733137829912,0.5806451612903225,0.6304985337243403,0.8445747800586509,0.35190615835777117,0.4574780058651027,-0.7478005865102639,-0.9032258064516129,-0.6950146627565983,0.994134897360704,0.06571381438829639,0.8375943277577167,0.902170731707317,243.0
smallja01,14.049170731707315,4.381487804878049,0.4685975442372648,0.7708766729926967,0.1788856304985338,-0.04692082111436946,0.5777126099706744,0.19648093841642233,-0.2404692082111437,0.28739002932551316,-0.2697947214076246,0.24926686217008798,0.6246334310850439,1.5571847507331378,0.05162480010791834,0.823394409094373,0.5469024390243902,244.0
kesslwa01,13.1624756097561,5.941804878048781,0.6752369964223894,0.6086281351943956,0.29618768328445744,0.8739002932551319,0.055718475073313734,0.19354838709677424,0.9648093841642229,-0.19061583577712615,-0.5161290322580645,0.9501466275659824,-0.9208211143695014,1.7067448680351904,0.13979641311348515,0.8171827283691684,0.5215121951219512,245.0
edeyza01,14.587487804878048,4.977597560975609,0.6088988570856944,0.7154304839110147,0.25219941348973607,0.8504398826979471,-0.3020527859237536,-0.14956011730205276,0.903225806451613,-0.5601173020527859,-0.4809384164222874,0.9090909090909092,0.39296187683284467,1.8152492668621703,0.11061934535830198,0.8119027587104277,0.47629268292682925,246.0
beaslma01,40.7089268292683,4.7770731707317085,0.4275317323365948,0.6205527671350194,0.8563049853372433,0.5249266862170088,0.40469208211143703,0.7917888563049853,-0.40175953079178883,1.0,-0.47214076246334313,-0.9472140762463344,-0.8504398826979472,0.9061583577712607,0.05418643906798703,0.810079836066547,0.950829268292683,247.0
demineg01,19.7225,3.320731707317073,0.4020631313162083,0.738856958181691,0.346041055718475,0.11436950146627556,0.5923753665689149,0.26392961876832843,0.1759530791788857,0.7653958944281525,-0.5219941348973607,-0.9178885630498533,0.4428152492668622,1.2609970674486801,0.032233193180197656,0.8064587095778195,0.6563170731707317,248.0
bitadgo01,10.514085365853658,4.7215,0.6122829527531055,0.6131305331126464,0.008797653958944274,0.6891495601173021,0.0997067448680351,0.15249266862170097,0.9061583577712611,-0.7126099706744868,-0.08797653958944285,0.8797653958944283,-0.873900293255132,1.06158357771261,0.01824664445822239,0.80303862445631,0.7696829268292683,249.0
matkoka01,10.357951219512197,2.3237439024390243,0.5830744080570537,0.6624666532493224,-0.02346041055718473,0.32844574780058644,-0.24633431085043989,-0.18768328445747806,0.7771260997067448,-0.11436950146627567,0.09384164222873892,0.8123167155425219,-0.26099706744868034,1.1788856304985333,-0.018589723787566483,0.8007897381418605,0.6687317073170731,250.0
clownno01,18.90520731707317,6.208060975609756,0.4043976474896141,0.745179292345364,0.35777126099706735,0.3753665689149561,-0.12903225806451613,0.04985337243401755,0.6920821114369502,0.5454545454545454,-0.3020527859237536,-0.8973607038123167,0.6099706744868034,1.3020527859237538,0.05111247231590454,0.7921808366466878,0.6332682926829268,251.0
wolfda01,19.314792682926832,5.547414634146342,0.4083437907487292,0.7082851040369631,0.3049853372434017,0.5718475073313782,0.3695014662756597,0.0,0.565982404692082,0.35190615835777117,-0.4545454545454546,-0.8856304985337243,0.31964809384164217,1.1436950146627565,0.03159278344018066,0.7858494108044017,0.7066341463414635,252.0
olynyke01,10.423939024390243,4.648426829268293,0.5117858839053772,0.7145933971400084,-0.011730205278592365,0.2052785923753666,0.39589442815249276,0.06451612903225801,0.10557184750733128,-0.1026392961876833,-0.3548387096774194,0.565982404692082,0.36070381231671544,1.2287390029325511,0.04086591647562959,0.7818522710030851,0.6581951219512195,253.0
mcbrimi01,20.456390243902444,3.046878048780488,0.4224656778085582,0.6961597185645887,0.3753665689149561,-0.18768328445747806,0.43401759530791795,0.46920821114369504,-0.061583577712609916,0.7243401759530792,0.07917888563049846,-0.7683284457478006,0.08797653958944274,1.152492668621701,0.032105111232194464,0.7790245972209768,0.6953170731707317,254.0
youngtr01,30.295231707317075,14.516207317073173,0.4287469562879288,0.8340208212257355,0.7478005865102639,-0.20234604105571852,0.9648093841642229,0.43108504398826986,-0.3372434017595308,0.6920821114369502,-0.9002932551319648,-0.8651026392961877,0.9501466275659824,1.480938416422287,0.19884219114307009,0.7782011381048437,0.6069756097560975,255.0
sheadja01,21.727743902439027,4.998256097560976,0.3901160512205816,0.6964447265405833,0.33137829912023453,-0.09384164222873903,0.9325513196480939,0.7683284457478006,-0.0058651026392961825,0.43695014662756604,-0.7331378299120235,-0.9765395894428153,0.13489736070381242,0.7947214076246332,0.004618725190656598,0.7424267303280825,0.9396585365853659,256.0
capelca01,15.18479268292683,5.175048780487805,0.5633966216892791,0.5580611853232242,0.2052785923753666,0.8826979472140764,-0.17888563049853368,0.2111436950146628,0.9120234604105573,-0.906158357771261,-0.1055718475073314,0.8680351906158357,-0.9589442815249267,0.929618768328446,0.025034987702404494,0.7399495325521019,0.818,257.0
santogu01,14.460121951219511,4.286646341463414,0.4936366064569547,0.6595374961743491,0.19941348973607043,0.43988269794721413,0.29618768328445744,0.21700879765395897,0.0997067448680351,0.23460410557184752,-0.35777126099706746,0.5278592375366569,-0.5278592375366569,1.129032258064516,0.05474999963920216,0.7301713096472737,0.6796829268292683,258.0
anthoco01,19.73257317073171,4.66319512195122,0.4338384040822445,0.7191671161382606,0.31964809384164217,0.15249266862170097,0.6334310850439884,0.16715542521994142,0.39589442815249276,0.21994134897360706,-0.6334310850439883,-0.5982404692082112,0.4252199413489737,1.082111436950147,0.04901192836864823,0.7296706236464156,0.7062926829268292,259.0
goodwjo01,17.438707317073167,2.5544024390243902,0.4137806571436443,0.6496195868516236,0.16715542521994142,0.5395894428152492,0.4076246334310851,0.7947214076246334,0.2375366568914956,0.36363636363636354,-0.23167155425219943,-0.7947214076246334,-0.43108504398826974,1.0527859237536656,0.02395909933917574,0.7062770682919569,0.6864878048780488,260.0
kuminjo01,22.394621951219516,8.781414634146342,0.4774479234672995,0.6780918020477067,0.4780058651026393,0.4428152492668622,0.26099706744868034,0.12316715542521983,0.2434017595307918,0.1026392961876832,-0.5073313782991202,0.46334310850439886,-0.42228739002932547,1.1847507331378297,0.07206667900926715,0.7060387402977728,0.6345365853658537,261.0
greenaj01,19.391963414634148,2.248878048780488,0.4294348281836237,0.7472669509151053,0.39589442815249276,0.0674486803519061,0.22580645161290325,-0.0029325513196480912,-0.43988269794721413,0.9149560117302054,-0.02052785923753664,-0.6598240469208212,0.4076246334310851,0.8885630498533725,0.029056760869712463,0.7026149458921062,0.8174634146341463,262.0
smartma01,18.18173170731708,5.315219512195123,0.4083069945222926,0.731457292698392,0.281524926686217,-0.1407624633431085,0.5982404692082111,0.7771260997067448,0.13489736070381242,0.49266862170087977,-0.5395894428152492,-0.8533724340175953,0.5190615835777126,1.2697947214076244,0.0705296956332258,0.6988790063616513,0.5827560975609756,263.0
trentga01,26.912695121951224,4.498182926829268,0.4160176429914591,0.7138294227397748,0.5571847507331378,-0.14662756598240467,0.1378299120234605,0.6451612903225807,-0.5366568914956011,0.8621700879765395,-0.055718475073313734,-0.9296187683284457,0.3401759530791788,0.8739002932551322,0.048115354732624085,0.6867710935058654,0.8316585365853658,264.0
postqu01,16.936329268292685,2.125439024390244,0.4441650339835687,0.6840465101687819,0.21407624633431088,0.35777126099706735,0.032258064516129004,-0.19941348973607043,0.530791788856305,0.563049853372434,-0.1348973607038123,-0.3167155425219942,-0.06744868035190621,0.9794721407624628,0.024112797676779683,0.6768138409577257,0.7084390243902439,265.0
greenjo01,17.090926829268295,3.6365,0.4667752393472453,0.6190415023614594,0.26099706744868034,0.1436950146627567,0.29912023460410553,0.6627565982404693,-0.10850439882697949,0.49560117302052786,-0.3519061583577713,0.2375366568914956,-0.7800586510263929,0.8592375366568916,-0.004193312831980079,0.6620198093788334,0.7667317073170732,266.0
quetane01,13.902597560975613,4.805414634146342,0.6415749228204808,0.6209778837324604,0.22287390029325516,0.8035190615835777,-0.05278592375366564,0.04692082111436946,0.8914956011730206,-0.906158357771261,-0.09677419354838712,0.935483870967742,-0.8475073313782991,0.997067448680352,0.04652713857738162,0.6579129980512705,0.6921463414634146,267.0
wadede01,11.640829268292684,1.93319512195122,0.4299558601547166,0.5985296356438008,-0.05278592375366564,0.4193548387096775,-0.029325513196480912,0.35777126099706735,0.40469208211143703,0.4164222873900294,0.46334310850439886,-0.4193548387096774,-0.6627565982404693,0.897360703812317,-0.01961437937159391,0.6511865005361647,0.7101463414634146,268.0
russeda01,23.382048780487807,6.016243902439024,0.4195698730517874,0.7344685441108229,0.4574780058651027,-0.08504398826979476,0.750733137829912,0.20234604105571852,0.08504398826979465,0.6246334310850439,-0.6363636363636364,-0.8592375366568915,0.5777126099706744,1.1173020527859236,0.1120282467863399,0.6348181490520787,0.6314878048780488,269.0
lylestr01,15.804463414634148,4.334280487804877,0.4395847498847248,0.650411648619677,0.21700879765395897,0.6275659824046922,0.05278592375366564,0.014662756598240456,0.3753665689149561,0.530791788856305,-0.011730205278592365,-0.3841642228739003,-0.6451612903225806,0.777126099706745,-0.0005814018982831664,0.6234558576281479,0.8016585365853659,270.0
hendesc01,24.617463414634148,7.54480487804878,0.4115845138246871,0.7742776498498772,0.4897360703812317,-0.02346041055718473,0.7331378299120235,0.40469208211143703,-0.02639296187683282,0.5131964809384164,-0.8387096774193549,-0.9325513196480939,0.7331378299120235,1.0527859237536654,0.07068339397082979,0.6113468479296958,0.6224878048780488,271.0
krejcvi01,12.426024390243905,1.9055365853658537,0.4745081388769882,0.6448986757970319,0.04105571847507328,-0.12316715542521994,0.24926686217008798,0.11436950146627556,0.15542521994134906,0.4868035190615836,0.08211143695014655,0.3079178885630498,-0.36656891495601174,0.9472140762463342,0.002466948464198704,0.610537070675987,0.6462439024390244,272.0
drumman01,14.585353658536588,5.6531829268292695,0.5066927872128854,0.5796646406253183,0.1407624633431086,0.8973607038123168,-0.1730205278592375,0.42815249266862176,0.6686217008797655,-0.375366568914956,-0.39882697947214074,0.6246334310850439,-0.9530791788856305,0.8592375366568916,0.04898631197904749,0.5938943854638676,0.7329756097560975,273.0
agbajoc01,15.663780487804882,2.693207317073171,0.4596111140294595,0.6631432515919963,0.15542521994134906,0.09384164222873892,-0.12609970674486803,0.14956011730205288,0.43108504398826986,0.281524926686217,-0.0029325513196480912,0.04105571847507328,-0.28445747800586507,0.7390029325513197,-0.006729335402448151,0.5908927850979038,0.7923658536585366,274.0
jakucka01,11.24319512195122,3.696085365853659,0.4337620396807852,0.785671224354795,0.02052785923753664,0.0029325513196480912,0.5190615835777126,0.15835777126099715,-0.3108504398826979,0.39589442815249276,-0.17595307917888559,-0.3460410557184751,0.6217008797653958,0.8856304985337244,0.010638576746818132,0.5891896823583637,0.6733658536585366,275.0
portecr01,11.954036585365856,2.7467317073170734,0.4867091875438069,0.6132579543312179,-0.029325513196480912,0.10850439882697938,0.6011730205278591,0.29912023460410553,0.5395894428152492,-0.08504398826979476,-0.28445747800586507,0.4252199413489737,-0.7243401759530792,0.8504398826979469,0.02242211596313447,0.5859740366295264,0.7076829268292683,276.0
willigr01,11.64330487804878,3.755329268292683,0.4417770601492731,0.7353191479444229,0.011730205278592365,0.18768328445747806,0.038123167155425186,-0.035190615835777095,0.43401759530791795,0.3020527859237536,-0.10850439882697949,-0.23167155425219943,0.4574780058651027,1.0557184750733137,0.012636655135671826,0.5843039063050688,0.560170731707317,277.0
willike01,14.831292682926833,2.4476097560975614,0.4842293388527361,0.5725241467454878,0.12023460410557174,0.39882697947214085,0.2111436950146628,0.3079178885630498,-0.22580645161290325,0.26099706744868034,0.0,0.4486803519061584,-0.8005865102639296,0.7214076246334311,0.008640498357964438,0.5485699187712769,0.7696341463414634,278.0
willipa01,20.158719512195123,3.888158536585366,0.4082563231244207,0.6646727069433336,0.313782991202346,0.3049853372434017,0.2404692082111437,0.4384164222873901,0.6041055718475072,0.5278592375366569,-0.4457478005865103,-0.8944281524926686,-0.4105571847507331,0.6788856304985337,-0.0017341394303139143,0.5392002621233878,0.792219512195122,279.0
watfotr01,13.546536585365851,4.872426829268293,0.502150395647368,0.7067619996379528,0.12609970674486815,0.19354838709677424,0.31964809384164217,-0.1730205278592375,0.2082111436950147,-0.28445747800586507,-0.4105571847507331,0.5777126099706744,0.26392961876832843,0.8211143695014664,0.020295955626277413,0.5367827231736083,0.6702926829268292,280.0
diabamo01,10.768048780487806,5.726085365853659,0.5932515376549079,0.6018046276344378,0.0058651026392961825,0.7917888563049853,-0.08797653958944285,0.3431085043988269,0.6744868035190617,-0.7947214076246334,-0.032258064516129004,0.8357771260997067,-0.9296187683284457,0.8064516129032259,0.015710621887754236,0.5361031055428553,0.6779756097560976,281.0
payneca01,16.365743902439025,2.87990243902439,0.4002633661128594,0.749432229098504,0.16422287390029333,-0.3108504398826979,0.5513196480938416,0.32551319648093835,0.011730205278592365,0.47214076246334313,0.035190615835777095,-0.8797653958944281,0.46334310850439886,0.8328445747800587,0.01673527747178183,0.5288388246557634,0.648,282.0
gonzahu01,11.966158536585368,1.6597682926829271,0.4741505019361489,0.5003713477811913,-0.0703812316715543,0.5542521994134897,-0.3049853372434017,0.4164222873900294,0.39296187683284467,0.08504398826979465,0.017595307917888547,0.3020527859237536,-0.8357771260997068,0.5571847507331377,-0.02778600765421338,0.5217653813225714,0.8919512195121951,283.0
watkija01,14.08878048780488,4.2423414634146335,0.4505959683079867,0.6486573620220649,0.09677419354838701,0.2756598240469208,-0.04398826979472137,0.5894428152492668,0.5043988269794721,0.15542521994134906,0.008797653958944274,-0.12609970674486803,-0.6568914956011731,0.8035190615835777,0.021858555391919346,0.4953249173503774,0.6336829268292683,284.0
baglema01,16.2785,5.749390243902439,0.5777785739317056,0.6479894168246944,0.32258064516129026,0.653958944281525,-0.19648093841642233,-0.15542521994134895,0.6070381231671553,-0.39002932551319647,-0.11436950146627567,0.8944281524926687,-0.7595307917888563,0.8621700879765395,0.06345957210343604,0.48649262714387836,0.6090975609756097,285.0
missiyv01,14.973000000000004,6.419085365853659,0.5419435643704265,0.5662692606826212,0.20234604105571852,0.8592375366568914,0.07624633431085037,-0.10850439882697949,0.9589442815249267,-0.906158357771261,-0.3079178885630498,0.7976539589442815,-0.9706744868035191,0.6011730205278591,0.01827226084782301,0.4829403879407598,0.8285121951219513,286.0
moranja01,26.518902439024394,9.871878048780488,0.4435972669110397,0.816482369004377,0.5747800586510263,-0.014662756598240456,0.8035190615835777,0.09384164222873892,-0.035190615835777095,0.1378299120234605,-0.7536656891495601,-0.5249266862170088,0.8826979472140764,1.1642228739002933,0.1566776138603385,0.4421403492350943,0.43882926829268293,287.0
bolbo01,11.83017073170732,2.142341463414634,0.5458015420707697,0.6755162171761184,0.038123167155425186,0.22580645161290325,-0.4868035190615836,-0.4545454545454546,0.7067448680351907,0.014662756598240456,0.11730205278592365,0.7565982404692082,-0.14662756598240467,0.7712609970674486,0.018374726406225752,0.4325607071145309,0.5745365853658537,288.0
jacksgg01,20.93128048780488,5.726597560975611,0.447603422697179,0.6996595450684552,0.40469208211143703,0.2727272727272727,-0.1026392961876833,-0.04985337243401755,0.4252199413489737,0.3665689149560116,-0.4164222873900293,-0.3020527859237536,0.2052785923753666,0.803519061583578,0.07882940586384851,0.4236076168043668,0.5845365853658537,289.0
meltode01,18.080231707317072,4.0611097560975615,0.407376403612847,0.716241433363951,0.22873900293255134,0.014662756598240456,0.28445747800586507,0.6686217008797655,0.12316715542521983,0.43401759530791795,-0.33431085043988273,-0.8680351906158358,0.33137829912023453,0.8826979472140762,0.057260405820069527,0.4166446321743651,0.5047560975609756,290.0
clarkjo01,25.66217073170732,6.822609756097561,0.4256887158327784,0.7781093973767059,0.5161290322580645,-0.011730205278592365,0.5161290322580645,0.08211143695014655,-0.23460410557184752,0.5366568914956011,-0.6129032258064516,-0.8357771260997068,0.7243401759530792,0.6803519061583576,0.09571060661070174,0.41461049818652784,0.709170731707317,291.0
alvarjo01,18.48017073170732,3.1899512195121957,0.4073447520588534,0.6722181110891188,0.23460410557184752,-0.038123167155425186,0.6510263929618769,0.7155425219941349,-0.07624633431085048,0.595307917888563,-0.39296187683284456,-0.8768328445747801,-0.2404692082111437,0.5718475073313781,0.027955256116883,0.41079783764290906,0.7552926829268293,292.0
barlodo01,11.36620731707317,4.090646341463415,0.5304701855436523,0.6342090315276903,-0.02052785923753664,0.3665689149560116,-0.16422287390029322,0.032258064516129004,0.6510263929618769,-0.4780058651026393,0.313782991202346,0.686217008797654,-0.7390029325513197,0.6480938416422288,-0.00993138410253405,0.4075744050680062,0.619390243902439,293.0
sheppbe01,14.608743902439024,2.305987804878049,0.4278937839971887,0.7059389443495899,0.07917888563049846,0.12903225806451624,0.16422287390029333,0.25513196480938416,-0.3519061583577713,0.39296187683284467,0.22873900293255134,-0.5571847507331378,0.14662756598240478,0.4868035190615839,-0.03749461931287403,0.40083232066700936,0.7645121951219512,294.0
hayesja01,9.947426829268291,5.542121951219513,0.6920879330073656,0.6060979039606076,0.0997067448680351,0.4545454545454546,-0.21994134897360706,0.08504398826979465,0.7712609970674487,-0.7712609970674487,0.055718475073313734,0.9325513196480939,-0.9149560117302052,0.49266862170087966,-0.023123824746888205,0.38912136978233924,0.7544146341463415,295.0
iveyja01,19.740682926829276,5.735731707317075,0.4423734236084513,0.7007309702745279,0.3724340175953078,-0.035190615835777095,0.43108504398826986,0.10410557184750724,0.21994134897360706,0.3695014662756597,-0.5425219941348973,-0.42521994134897356,0.21407624633431088,0.7082111436950146,0.06719956498513624,0.3858107982396016,0.6018780487804878,296.0
jeromty01,16.84865853658537,3.8893536585365855,0.4906576247014846,0.7212930013762766,0.2727272727272727,-0.3167155425219942,0.6187683284457477,-0.008797653958944274,-0.6011730205278593,0.2404692082111437,-0.21994134897360706,0.5395894428152492,0.3812316715542523,0.9061583577712609,0.08436254601759721,0.37153188211380267,0.45209756097560977,297.0
edwarju01,15.707829268292684,2.5159024390243903,0.4537066852420935,0.6617808876568068,0.1730205278592376,-0.13196480938416422,0.014662756598240456,0.4838709677419355,0.029325513196480912,0.3841642228739004,-0.035190615835777095,-0.09384164222873903,-0.2756598240469208,0.5483870967741937,0.01532637604374397,0.369697112048057,0.6935365853658536,298.0
wagnemo01,12.376256097560976,5.497304878048781,0.5218477091886987,0.7262427516764665,0.10557184750733128,0.13489736070381242,-0.25513196480938416,-0.1700879765395894,-0.2434017595307918,-0.12023460410557185,0.0058651026392961825,0.6656891495601174,0.4868035190615836,0.6099706744868036,-0.00678056818164948,0.3602579392845558,0.5841219512195123,299.0
burksal01,16.860097560975614,5.244109756097561,0.4085942198300921,0.7516783955465498,0.3108504398826979,-0.0058651026392961825,0.011730205278592365,0.04105571847507328,-0.281524926686217,0.6598240469208212,0.02346041055718473,-0.8269794721407624,0.5982404692082111,0.530791788856305,0.018887054198239425,0.3560984131020168,0.6956341463414635,300.0
bogdabo01,18.21562195121952,3.257134146341464,0.4183563481765076,0.7634454828706921,0.2756598240469208,-0.055718475073313734,0.3401759530791788,0.1436950146627567,-0.12903225806451613,0.5601173020527859,-0.2727272727272727,-0.7653958944281525,0.5425219941348973,0.6392961876832843,0.04765425971981166,0.3510745479371543,0.593390243902439,301.0
martike04,13.253817073170731,3.693524390243903,0.5488133628651949,0.6299838500424305,0.11436950146627556,0.2434017595307918,-0.06744868035190621,-0.11730205278592376,0.4516129032258065,-0.281524926686217,0.04105571847507328,0.7888563049853372,-0.7360703812316716,0.4369501466275658,-0.014491101451456479,0.3147316252461164,0.697170731707317,302.0
sochaje01,14.751731707317074,4.061792682926829,0.4829877250929464,0.6497249094890796,0.13489736070381242,0.4516129032258065,0.19941348973607043,0.1407624633431086,0.1788856304985338,-0.16422287390029322,-0.25806451612903225,0.43695014662756604,-0.6158357771260997,0.5043988269794725,0.04757741055100962,0.3131677939403611,0.6855365853658536,303.0
robinmi01,7.556841463414636,3.9725000000000006,0.6469205842687091,0.4824698274860622,-0.1700879765395894,0.7683284457478006,-0.42228739002932547,0.3724340175953078,0.847507331378299,-0.906158357771261,0.21700879765395897,0.8328445747800586,-0.9765395894428153,0.563049853372434,-0.007292895973663277,0.3127564886231294,0.5483658536585366,304.0
brogdma01,18.14656097560976,6.037073170731708,0.4420102446566535,0.8170881968079177,0.32844574780058644,-0.0029325513196480912,0.5806451612903225,-0.21994134897360706,-0.33137829912023464,0.18181818181818188,-0.22580645161290325,-0.39002932551319647,0.7712609970674487,0.69208211143695,0.06804490584195914,0.304377952133869,0.48775609756097565,305.0
vukcetr01,12.45760975609756,4.403939024390244,0.4770496706361528,0.7188792409147321,0.05278592375366564,-0.02639296187683282,-0.26392961876832843,-0.3108504398826979,0.46627565982404695,0.07038123167155419,-0.09090909090909094,0.3431085043988269,0.39589442815249276,0.6363636363636364,0.02388225017037366,0.30035489636101803,0.49039024390243907,306.0
williro01,7.228780487804878,2.0898414634146345,0.6649912643069972,0.6341466665115952,-0.19941348973607043,0.501466275659824,-0.35777126099706746,-0.02346041055718473,0.8563049853372433,-0.686217008797654,0.16422287390029333,0.8445747800586509,-0.4868035190615836,0.6129032258064515,-0.01710397319072659,0.2993609817283664,0.47517073170731705,307.0
pippesc01,13.924024390243904,4.557085365853659,0.4632334242496869,0.697285569117056,0.08797653958944274,-0.281524926686217,0.49560117302052786,0.5835777126099706,0.032258064516129004,0.0,-0.4750733137829912,0.12023460410557174,0.1378299120234605,0.7008797653958942,0.04493892242213885,0.29466142550952745,0.4492195121951219,308.0
strusma01,17.075817073170736,2.223268292682927,0.4331769423885653,0.699341427167619,0.24633431085043989,0.29325513196480935,0.3372434017595307,-0.23167155425219943,-0.3049853372434017,0.7214076246334311,-0.038123167155425186,-0.5454545454545454,0.09384164222873892,0.5718475073313782,0.057414104157673646,0.28206007081328976,0.5482926829268293,309.0
minotjo01,8.749231707317074,2.540829268292683,0.493217939190633,0.7151432029580531,-0.12903225806451613,-0.19354838709677424,-0.42521994134897356,-0.02052785923753664,0.28739002932551316,-0.02346041055718473,0.3431085043988269,0.4134897360703813,0.21994134897360706,0.47214076246334313,-0.030373263003882822,0.27644399620520205,0.5501219512195122,310.0
cardwdy01,8.454207317073172,2.910378048780488,0.5756886732228131,0.4993711453278129,-0.2082111436950147,0.7302052785923754,-0.11436950146627567,0.008797653958944274,0.9149560117302054,-0.7390029325513197,0.04985337243401755,0.7419354838709677,-0.9413489736070382,0.4428152492668622,-0.011903846101787038,0.2609422164837458,0.5738536585365853,311.0
traorno01,21.252682926829277,4.797817073170731,0.3796199063579157,0.7165323713860956,0.3020527859237536,-0.29032258064516125,0.7155425219941349,0.4193548387096775,0.3431085043988269,0.3049853372434017,-0.8123167155425219,-0.9882697947214076,0.40469208211143703,0.39882697947214085,0.03430812073785338,0.2546653216971934,0.6986341463414634,312.0
dickgr01,19.486548780487805,5.036329268292684,0.4229532859890254,0.7786797671927277,0.3401759530791788,0.02639296187683282,-0.06451612903225812,0.2785923753665689,-0.375366568914956,0.4193548387096775,-0.2052785923753666,-0.7448680351906158,0.6686217008797655,0.3431085043988269,0.02303690931355097,0.2542773657345758,0.7944390243902439,313.0
walkeja01,12.882817073170733,4.652439024390245,0.4747638038342286,0.6578430219284,0.0674486803519061,0.533724340175953,-0.25219941348973607,0.11143695014662747,-0.014662756598240456,0.02346041055718473,0.061583577712609916,0.31964809384164217,-0.565982404692082,0.28445747800586485,0.00605324300829508,0.21715530329810442,0.78,314.0
bealbr01,17.827121951219514,3.836085365853659,0.4673365193328258,0.7415046586103211,0.2375366568914956,-0.39296187683284456,0.2668621700879765,-0.07331378299120239,-0.14662756598240467,0.22873900293255134,-0.3489736070381232,0.25806451612903225,0.4780058651026393,0.5073313782991202,0.05992451033854101,0.21293293206133618,0.4759268292682927,315.0
highsha01,8.443536585365853,2.1006829268292684,0.4830783461470855,0.6598085756243286,-0.14662756598240467,-0.18475073313782986,-0.22873900293255134,0.10850439882697938,-0.07331378299120239,0.2052785923753666,0.5219941348973607,0.32844574780058644,-0.25806451612903225,0.2727272727272726,-0.027324912641400953,0.17102242731415931,0.5699756097560975,316.0
hortota01,17.39269512195122,5.700390243902439,0.4203981637046199,0.7045821679671801,0.25513196480938416,-0.15835777126099704,0.46334310850439886,0.08797653958944274,0.15835777126099715,0.19941348973607043,-0.2668621700879765,-0.7302052785923754,0.2697947214076246,0.2785923753665689,0.05515986187281326,0.15791229130508674,0.7067560975609756,317.0
poweldw01,5.569268292682928,5.292085365853659,0.6300406948055843,0.6314906557793716,-0.2111436950146628,0.46627565982404695,0.058651026392961825,0.15542521994134906,0.4457478005865103,-0.7478005865102639,0.09090909090909083,0.7302052785923754,-0.8299120234604106,0.15835777126099704,-0.033985173937579695,0.14500312422299533,0.7538780487804878,318.0
smithdr01,7.809695121951219,2.0744756097560977,0.4534383116073912,0.7093480902768277,-0.3167155425219942,-0.33431085043988273,0.04105571847507328,0.49560117302052786,0.07331378299120228,-0.1055718475073314,0.25513196480938416,-0.011730205278592365,0.16422287390029333,0.26099706744868023,-0.033780242820774374,0.14435460574610023,0.4897073170731707,319.0
poweldr01,15.800024390243903,3.799548780487805,0.4073205657479543,0.803577183894924,0.11143695014662747,-0.22580645161290325,0.12609970674486815,0.21407624633431088,0.09384164222873892,0.20234604105571852,-0.26099706744868034,-0.8093841642228738,0.6598240469208212,0.11143695014662769,-0.04213118583059841,0.11780174255170094,0.7670975609756098,320.0
greenjo02,8.556219512195122,1.9142439024390243,0.4637124819900977,0.784028912115653,-0.1378299120234604,-0.22873900293255134,-0.23460410557184752,0.2052785923753666,-0.4868035190615836,0.25806451612903225,0.12023460410557174,0.10850439882697938,0.4750733137829912,0.07917888563049835,-0.06569826426323101,0.10442815636120448,0.7208048780487805,321.0
mccaija01,19.12092682926829,3.9865853658536583,0.4466236161305815,0.7881748856041836,0.3489736070381231,-0.2404692082111437,0.12903225806451624,0.035190615835777095,-0.7624633431085044,0.5483870967741935,-0.18181818181818177,-0.29618768328445744,0.6510263929618769,0.23167155425219954,0.07442338685253015,0.09838365829600779,0.6256585365853659,322.0
bonaad01,9.86769512195122,5.499353658536585,0.6186269393568096,0.6369601712367792,0.035190615835777095,0.6217008797653958,-0.4516129032258065,-0.014662756598240456,0.935483870967742,-0.7859237536656891,-0.29032258064516125,0.8651026392961876,-0.8035190615835777,0.11143695014662747,-0.0016060574823106352,0.0899408768747217,0.7956341463414635,323.0
holmeri01,7.670548780487805,3.0108536585365857,0.6073048532865222,0.7202445580939106,-0.15249266862170086,0.28739002932551316,-0.36656891495601174,-0.5806451612903225,0.3343108504398826,-0.7595307917888563,0.3401759530791788,0.7800586510263929,0.29618768328445744,0.17888563049853357,-0.005653447039219267,0.08972650026134397,0.48621951219512194,324.0
butleja02,15.427317073170734,2.721548780487805,0.4637586391331472,0.6859803811247847,0.1378299120234605,-0.42521994134897356,0.5747800586510263,0.23167155425219943,-0.2668621700879765,0.18475073313782997,-0.32551319648093846,0.1436950146627567,-0.061583577712609916,0.19354838709677447,0.03779194972354698,0.08887234380266544,0.5705853658536585,325.0
looneke01,8.001597560975611,2.919768292682927,0.5109666634610753,0.5732905539972599,-0.3196480938416423,0.7096774193548387,0.1700879765395895,-0.08504398826979476,0.4486803519061584,-0.7272727272727273,0.29032258064516125,0.4750733137829912,-0.8621700879765396,0.09970674486803521,-0.027273679862199543,0.08625377631065946,0.6792682926829269,326.0
prospol01,12.82937804878049,5.235914634146342,0.4935424896217507,0.660048011629528,0.09384164222873892,0.1788856304985338,-0.21407624633431088,0.07917888563049846,-0.23167155425219943,0.04692082111436946,0.2697947214076246,0.49266862170087977,-0.5923753665689149,0.12316715542521983,0.010279947292408406,0.07125110175758279,0.6311707317073171,327.0
coopesh01,12.146536585365851,3.276170731707317,0.5099276662455424,0.754392725607045,0.061583577712609916,-0.28445747800586507,0.4428152492668622,-0.32551319648093846,-0.42228739002932547,-0.0703812316715543,-0.36363636363636365,0.6011730205278591,0.49853372434017595,0.1378299120234603,0.01220117651246002,0.06879552121202386,0.547609756097561,328.0
pottemi01,8.56740243902439,2.440524390243903,0.4919558973832039,0.7004095394871093,-0.12609970674486803,0.21700879765395897,-0.3167155425219942,-0.4457478005865103,0.0029325513196480912,0.09090909090909083,0.21994134897360706,0.3870967741935485,0.10850439882697938,0.1378299120234603,-6.907410626932533e-05,0.06614106249368616,0.4796341463414634,329.0
walkelo01,19.67828048780488,3.564024390243903,0.4239656679583573,0.7201327357026635,0.3343108504398826,-0.14956011730205276,0.07038123167155419,-0.17595307917888559,0.0058651026392961825,0.5835777126099706,-0.06451612903225812,-0.7419354838709677,0.3343108504398826,0.196480938416422,0.07327064932049936,0.06469441716236642,0.5250731707317073,330.0
hylanbo01,15.873951219512197,3.1384756097560977,0.4208608713223271,0.7253384978936954,0.18475073313782997,-0.3548387096774194,0.3782991202346042,0.21994134897360706,-0.15835777126099704,0.5102639296187683,-0.3108504398826979,-0.686217008797654,0.346041055718475,0.12903225806451624,0.029594705051326966,0.06203448124320378,0.6238536585365854,331.0
coffeam01,11.111646341463416,3.4632926829268293,0.4692679780358437,0.7374704716654241,-0.02639296187683282,-0.2785923753665689,-0.2111436950146628,-0.24926686217008798,-0.3548387096774194,0.11436950146627556,0.3753665689149561,0.23167155425219943,0.4457478005865103,0.04692082111436968,-0.03137230219830967,0.05747670045337404,0.7341219512195122,332.0
vandeja01,9.189890243902438,3.17509756097561,0.4977169291529896,0.5723378440925337,-0.18181818181818177,0.5483870967741935,-0.02346041055718473,0.5190615835777126,0.08797653958944274,-0.32258064516129037,-0.12316715542521994,0.4457478005865103,-0.8826979472140762,0.0674486803519061,-0.012441790283401373,0.05168523740491538,0.6469512195121951,333.0
paulch01,12.37728048780488,2.145414634146342,0.4135363815251212,0.713336043616684,-0.08504398826979476,-0.07917888563049857,0.7771260997067448,0.4486803519061584,-0.4046920821114369,0.2082111436950147,-0.29325513196480935,-0.6422287390029325,0.18475073313782997,0.11436950146627578,0.032105111232194374,0.051664043515545426,0.6280243902439024,334.0
scheiba01,12.089341463414634,1.7692926829268294,0.4240837766749743,0.7231048827494463,-0.04692082111436946,0.23167155425219943,0.1026392961876832,0.1759530791788857,-0.6348973607038123,0.3812316715542523,0.15249266862170097,-0.5161290322580645,0.2082111436950147,0.05425219941349002,0.008128170565950683,0.03261081337152367,0.7070243902439024,335.0
edwarke02,7.988621951219513,1.1343414634146345,0.4706392445912762,0.6971858763757114,-0.3079178885630498,-0.12609970674486803,-0.281524926686217,-0.2404692082111437,0.18475073313782997,-0.04692082111436946,0.565982404692082,0.18475073313782997,0.055718475073313734,-0.011730205278592254,-0.0447184411802679,0.018973063190180814,0.5751463414634146,336.0
thybuma01,8.297134146341465,1.8871829268292684,0.4540743160243854,0.5982158658364289,-0.25219941348973607,-0.32844574780058655,-0.23167155425219943,0.81524926686217,0.33137829912023453,0.0997067448680351,0.22287390029325516,-0.0029325513196480912,-0.6539589442815249,-2.220446049250313e-16,-0.03646996372884648,0.018186948253658308,0.49868292682926835,337.0
gueyemo02,8.695963414634146,2.4414634146341467,0.4304367026035595,0.6827344419422172,-0.29325513196480935,0.0997067448680351,-0.501466275659824,0.0674486803519061,0.653958944281525,-0.2404692082111437,0.5454545454545454,-0.29325513196480935,-0.09090909090909094,-0.05278592375366575,-0.039672012428932375,-0.006058627032026821,0.462,338.0
holidaa01,13.511963414634147,2.654109756097561,0.4350353440462776,0.7525504309042804,0.07331378299120228,-0.40175953079178883,0.13196480938416433,0.05278592375366564,-0.3137829912023461,0.40175953079178894,-0.04692082111436946,-0.4105571847507331,0.4486803519061584,-0.0645161290322579,-0.0329092855743509,-0.024711926192357722,0.7818536585365853,339.0
nancela01,8.257012195121952,1.5115731707317075,0.5060269224507992,0.6002689769488957,-0.23167155425219943,0.04985337243401755,-0.2082111436950147,0.061583577712609916,0.06451612903225801,-0.04985337243401755,0.29618768328445744,0.4574780058651027,-0.5366568914956011,-0.09677419354838723,-0.02729929625180029,-0.03717584809243466,0.5350975609756098,340.0
jackstr01,9.831073170731708,4.862268292682928,0.596376544782026,0.5326630044221304,-0.061583577712609916,0.4574780058651027,-0.08211143695014667,-0.2375366568914956,0.6891495601173021,-0.8005865102639296,0.09677419354838701,0.8211143695014662,-0.9648093841642229,-0.08211143695014667,-0.0037066014295669444,-0.05728907469574457,0.7306829268292683,341.0
martica01,13.343536585365856,4.4437195121951225,0.4420478122436302,0.6132049532000987,0.04398826979472137,0.21407624633431088,0.19648093841642233,0.39589442815249276,0.313782991202346,0.07331378299120228,-0.1700879765395894,-0.281524926686217,-0.8592375366568915,-0.07331378299120239,0.009075976981176242,-0.05809482831223088,0.7051219512195122,342.0
richani01,12.03308536585366,6.451609756097561,0.5853380898159386,0.6655106653665274,0.11730205278592365,0.7478005865102639,-0.43988269794721413,-0.47214076246334313,0.7976539589442815,-0.7331378299120235,-0.3401759530791789,0.8533724340175952,-0.5953079178885631,-0.06451612903225845,0.018938286977440797,-0.05884350518108281,0.7050975609756097,343.0
councri01,16.39698780487805,7.715280487804879,0.410699420518639,0.7282197840305669,0.2434017595307918,0.12023460410557174,-0.0703812316715543,-0.0703812316715543,-0.28739002932551316,0.04985337243401755,0.15835777126099715,-0.7976539589442815,0.5835777126099706,-0.07038123167155441,0.013174599317286118,-0.059157528340099096,0.708,344.0
murrakr01,14.775634146341464,3.2804390243902444,0.4392196589257486,0.5594371385436488,0.032258064516129004,0.3724340175953078,0.08211143695014655,0.4868035190615836,0.3489736070381231,0.029325513196480912,-0.1730205278592375,-0.36950146627565983,-0.906158357771261,-0.09677419354838723,-0.009854534933732013,-0.06700657682520507,0.7709024390243903,345.0
strawju01,15.35159756097561,3.454756097560976,0.4421141006707727,0.7053421111872568,0.1700879765395895,-0.21700879765395897,-0.11143695014662758,-0.032258064516129004,-0.2052785923753666,0.3372434017595307,0.07331378299120228,-0.32258064516129037,0.19354838709677424,-0.11436950146627578,0.007692691942738876,-0.08694400722724058,0.7122926829268292,346.0
miltosh01,13.62319512195122,3.6755975609756097,0.4526444293845675,0.7206874270353121,0.06451612903225801,-0.1671554252199413,0.3665689149560116,-0.09970674486803521,-0.43108504398826974,0.02639296187683282,-0.13196480938416422,-0.09677419354838712,0.35190615835777117,-0.11730205278592398,0.009562688383589292,-0.08977382281831923,0.7076341463414635,347.0
okogijo01,12.07056097560976,5.175646341463414,0.432765078770324,0.6384082440485991,-0.0029325513196480912,0.1378299120234605,-0.15835777126099704,0.5777126099706744,0.3079178885630498,0.1436950146627567,0.032258064516129004,-0.39296187683284456,-0.782991202346041,-0.1378299120234604,-0.009290974362516887,-0.09874611998796921,0.768219512195122,348.0
millejo01,11.611548780487809,4.406414634146342,0.5052362192584147,0.717235123031761,0.0,-0.1378299120234604,-0.14662756598240467,-0.1671554252199413,-0.5043988269794721,-0.23460410557184752,0.07038123167155419,0.5571847507331378,0.3782991202346042,-0.18475073313782975,-0.00017153966467206797,-0.0990875133742488,0.536829268292683,349.0
roddyda01,10.23579268292683,2.270134146341464,0.461224123250038,0.7494461965163718,-0.11143695014662758,0.0058651026392961825,-0.3489736070381232,-0.2111436950146628,-0.2697947214076246,-0.12903225806451613,0.31964809384164217,0.08211143695014655,0.4193548387096775,-0.2434017595307918,-0.0010937296902969222,-0.10857763717633102,0.44809756097560977,350.0
garzalu01,11.381658536585368,4.15569512195122,0.5406662033734465,0.6803206867336232,0.04692082111436946,0.038123167155425186,-0.4457478005865103,-0.43988269794721413,-0.14369501466275658,-0.09384164222873903,0.28739002932551316,0.7214076246334311,-0.17888563049853368,-0.2082111436950148,-0.012339324724998758,-0.11952480582465443,0.6102195121951219,351.0
walshjo01,7.926048780487805,1.8842804878048784,0.4722739105158078,0.6250206844935002,-0.32258064516129037,0.18475073313782997,-0.32258064516129037,0.1378299120234605,0.21700879765395897,-0.11730205278592376,0.25806451612903225,0.21700879765395897,-0.5073313782991202,-0.25513196480938405,-0.046229808166708436,-0.132652869468099,0.635,352.0
jacksis01,8.557158536585366,4.542829268292683,0.6159680367623643,0.5789040321353505,-0.1026392961876833,0.33137829912023453,-0.33137829912023464,-0.04692082111436946,0.8269794721407624,-0.906158357771261,0.08504398826979465,0.8181818181818181,-0.9325513196480939,-0.2580645161290326,-0.009828918544131265,-0.1354579274333414,0.5456829268292683,353.0
ryanco01,7.907097560975609,2.003792682926829,0.5220137351967333,0.8657330355326424,-0.14369501466275658,-0.6275659824046921,-0.4780058651026393,-0.3401759530791789,-0.6070381231671554,0.06451612903225801,0.35483870967741926,0.530791788856305,0.6187683284457477,-0.6275659824046922,0.016888975809385774,-0.1489319690019119,0.23109756097560974,354.0
loveke01,10.888414634146342,2.94640243902439,0.4042435636916879,0.7121297012311345,-0.09970674486803521,0.4252199413489737,-0.055718475073313734,-0.28445747800586507,-0.26099706744868034,0.24633431085043989,0.18181818181818188,-0.6627565982404693,0.22287390029325516,-0.28739002932551305,0.006616803579510036,-0.15324209802878888,0.521219512195122,355.0
craigto01,8.810439024390245,1.480158536585366,0.4389666438209434,0.6304730956858282,-0.20234604105571852,0.1026392961876832,-0.3079178885630498,-0.2785923753665689,0.3870967741935485,0.1759530791788857,0.3724340175953078,-0.18768328445747806,-0.3812316715542522,-0.3196480938416423,-0.029297374640653986,-0.16537952062196784,0.5695853658536586,356.0
johnsch06,5.906890243902438,2.499170731707317,0.5395759895066121,0.7346633277344442,-0.39589442815249265,-0.23167155425219943,-0.26099706744868034,-0.3196480938416423,-0.11143695014662758,-0.47214076246334313,0.3167155425219941,0.5190615835777126,0.3489736070381231,-0.6070381231671558,-0.03244819056153843,-0.16785033226384094,0.2921219512195122,357.0
smithma01,6.243829268292683,0.6842926829268294,0.4859703232519679,1.0,-0.4164222873900293,-0.49560117302052786,-0.061583577712609916,-0.4164222873900293,-0.43401759530791784,-0.12609970674486803,0.4252199413489737,0.29325513196480935,0.49560117302052786,-0.7360703812316711,-0.03449750172959345,-0.1885348777159486,0.2687317073170732,358.0
richmka01,2.8101585365853663,0.6921463414634147,0.6223269941515726,1.0,-0.6950146627565983,-0.7478005865102639,-0.5278592375366569,0.04398826979472137,-0.6539589442815249,-0.6187683284457478,0.7859237536656891,0.5102639296187683,0.5073313782991202,-1.3958944281524923,-0.08614014316457982,-0.19016993313495228,0.14519512195121953,359.0
carlsbr01,9.120829268292685,1.7022804878048785,0.4994605456329497,0.5916885626454589,-0.16129032258064513,-0.12023460410557185,-0.49853372434017595,-0.6011730205278593,0.595307917888563,0.0029325513196480912,0.5777126099706744,0.4516129032258065,-0.6334310850439883,-0.3870967741935486,-0.012851652517012556,-0.19075547689746952,0.5097073170731707,360.0
finnedo01,12.46930487804878,1.884878048780488,0.4154296983384858,0.6416222166724042,-0.058651026392961825,0.1759530791788857,-0.07917888563049857,0.12609970674486815,0.16715542521994142,0.3724340175953078,0.029325513196480912,-0.6363636363636364,-0.39002932551319647,-0.29325513196480923,-0.014414252282654444,-0.190924390617491,0.6847073170731708,361.0
simmobe01,8.408109756097561,2.1468658536585368,0.5462202523850624,0.5187920207552184,-0.25513196480938416,0.4134897360703813,0.7390029325513197,0.11730205278592365,0.26392961876832843,-0.906158357771261,-0.4868035190615836,0.6422287390029326,-0.8768328445747801,-0.3489736070381231,0.029569088661726348,-0.19320449878573293,0.510390243902439,362.0
adamsst01,8.769890243902438,5.23190243902439,0.531360023902903,0.514306995998405,-0.1671554252199413,0.8123167155425219,-0.035190615835777095,-0.029325513196480912,0.5513196480938416,-0.906158357771261,-0.19648093841642233,0.6070381231671553,-0.9824046920821115,-0.3460410557184753,0.0028511943082090954,-0.1955668704905673,0.5605365853658536,363.0
exumda01,11.063670731707315,2.859329268292683,0.4975320174820263,0.6810510077394349,-0.014662756598240456,-0.39882697947214074,0.281524926686217,-0.19354838709677424,-0.5747800586510263,0.061583577712609916,0.04398826979472137,0.4809384164222874,-0.12903225806451613,-0.4428152492668622,-0.0047568734031951205,-0.20962695937671094,0.4785365853658537,364.0
thomaca01,25.03054878048781,8.932341463414636,0.4318030906300997,0.8159533888561592,0.5483870967741935,-0.2756598240469208,0.32258064516129026,-0.36363636363636365,-0.5454545454545454,0.40469208211143703,-0.4780058651026393,-0.7360703812316716,0.8533724340175952,-0.2697947214076246,0.1079296244502298,-0.21039246064282488,0.5569999999999999,365.0
jacksqu01,7.585609756097561,3.685329268292683,0.4729379670957858,0.7455197881352809,-0.2404692082111437,-0.3519061583577713,0.07331378299120228,-0.08797653958944285,-0.6480938416422287,-0.343108504398827,0.36070381231671544,0.22287390029325516,0.49266862170087977,-0.5219941348973611,-0.019614379371593996,-0.21347463660414423,0.42492682926829267,366.0
willivi01,12.74520731707317,2.7927439024390246,0.3888543318851798,0.7002917560539683,-0.08797653958944285,0.08797653958944274,0.3753665689149561,-0.05278592375366564,0.12609970674486815,0.10850439882697938,-0.2434017595307918,-0.841642228739003,0.11436950146627556,-0.4134897360703813,0.031182921206569604,-0.21543847961339888,0.4844878048780488,367.0
gillan01,9.687658536585367,3.767451219512195,0.5562625964880086,0.645013861849361,-0.08211143695014667,0.029325513196480912,-0.19061583577712615,-0.20234604105571852,0.1026392961876832,-0.36950146627565983,0.2668621700879765,0.7243401759530792,-0.6363636363636364,-0.3577712609970677,-0.030885590795896534,-0.21778558456622416,0.6662439024390243,368.0
livelde01,5.5224878048780495,2.4485487804878048,0.6645610699790375,0.6168355220941878,-0.36656891495601174,0.22287390029325516,-0.19941348973607043,-0.36950146627565983,0.7565982404692082,-0.906158357771261,0.15542521994134906,0.782991202346041,-0.6656891495601174,-0.5894428152492669,-0.023098208357287542,-0.22917617982792265,0.4046585365853659,369.0
willico01,19.79104878048781,4.695975609756098,0.4258187543123557,0.6464176050101753,0.24926686217008798,0.19941348973607043,0.32844574780058644,0.33137829912023453,0.4134897360703813,0.038123167155425186,-0.407624633431085,-0.718475073313783,-0.7155425219941349,-0.2815249266862172,0.027955256116883043,-0.23109866528535894,0.7467317073170732,370.0
theisda01,8.294317073170733,2.3496951219512194,0.4966339848689972,0.6188904716311212,-0.26099706744868034,0.14662756598240478,-0.17595307917888559,-0.39882697947214074,0.5219941348973607,-0.43108504398826974,0.3079178885630498,0.4164222873900294,-0.6304985337243402,-0.5043988269794719,-0.03908283546811661,-0.24986333827107307,0.5369756097560975,371.0
eubandr01,9.721121951219512,4.037975609756098,0.5874960121851336,0.5896542879492991,-0.06744868035190621,0.3695014662756597,-0.2697947214076246,-0.3137829912023461,0.782991202346041,-0.7214076246334311,-0.061583577712609916,0.8005865102639296,-0.8973607038123167,-0.3782991202346043,-0.031346685808708835,-0.25049965765549653,0.722,372.0
wrighde01,8.242414634146343,2.312048780487805,0.4067582613654648,0.6510438373341754,-0.3519061583577713,-0.3079178885630498,0.313782991202346,0.501466275659824,0.061583577712609916,-0.1671554252199413,0.3841642228739004,-0.5219941348973607,-0.3870967741935484,-0.4750733137829911,-0.030834358016695207,-0.2544839110751949,0.5728536585365853,373.0
joneska01,8.413573170731706,1.5660365853658536,0.522028318153145,0.6005786142807481,-0.21994134897360706,-0.08211143695014667,0.21407624633431088,-0.2697947214076246,0.1700879765395895,-0.3724340175953079,0.0674486803519061,0.5513196480938416,-0.5513196480938416,-0.49266862170087977,-0.0077796073760762405,-0.2560095730021712,0.5279756097560975,374.0
carteje01,14.89360975609756,1.2217560975609756,0.3961048158953668,0.6795608001515098,0.029325513196480912,-0.3489736070381232,0.18475073313782997,0.18181818181818188,-0.15249266862170086,0.4897360703812317,0.1436950146627567,-0.8621700879765396,-0.0703812316715543,-0.4046920821114368,-0.023175057526089664,-0.2587057638419956,0.6780975609756097,375.0
plowdda01,10.119951219512195,1.597878048780488,0.4871216384330324,0.7718578987151515,-0.04105571847507328,-0.3812316715542522,-0.5601173020527859,-0.5865102639296187,-0.6392961876832844,0.29618768328445744,0.32551319648093835,0.3900293255131966,0.4134897360703813,-0.7829912023460408,0.015351992433344548,-0.2638621617672061,0.33051219512195124,376.0
sassema01,13.156756097560976,2.3205000000000005,0.4289197798820167,0.74208308205499,0.017595307917888547,-0.5249266862170088,0.4134897360703813,0.13196480938416433,-0.501466275659824,0.32844574780058644,-0.1671554252199413,-0.4897360703812317,0.3753665689149561,-0.41642228739002907,-0.011365901920172575,-0.2668234843602411,0.6587317073170732,377.0
harriga01,8.03719512195122,1.2992682926829269,0.4359001736700106,0.67319580564872,-0.28739002932551316,-0.43108504398826974,-0.18181818181818177,0.1700879765395895,-0.0029325513196480912,0.16715542521994142,0.3695014662756597,-0.19648093841642233,-0.11143695014662758,-0.504398826979472,-0.07141071914418429,-0.27448277831090157,0.6339268292682927,378.0
knechda01,14.65398780487805,2.527426829268293,0.4640908508479771,0.6557225913535374,0.15835777126099715,-0.1026392961876833,-0.3724340175953079,-0.3460410557184751,-0.08797653958944285,0.4134897360703813,0.20234604105571852,0.14662756598240478,-0.36950146627565983,-0.35777126099706724,-0.003143040858351945,-0.27720682505428507,0.7816829268292683,379.0
bouchch01,7.824548780487805,2.540743902439025,0.4603166206971339,0.6708447252682959,-0.26392961876832843,-0.09090909090909094,-0.7067448680351907,-0.36656891495601174,0.5278592375366569,-0.1407624633431085,0.5835777126099706,0.061583577712609916,-0.2111436950146628,-0.6070381231671556,-0.03539407536561764,-0.2873278179779047,0.5026341463414634,380.0
jovicni01,13.76080487804878,4.0888536585365856,0.4180758185222656,0.6772603477238529,0.07038123167155419,0.07038123167155419,0.21700879765395897,-0.017595307917888547,0.014662756598240456,0.22287390029325516,-0.19941348973607043,-0.6451612903225806,-0.21700879765395897,-0.4838709677419356,0.02910799364891388,-0.2930361037740265,0.5712439024390243,381.0
gardnmy01,6.7919634146341465,1.7395853658536586,0.4821442476020924,0.6366159087022105,-0.36950146627565983,0.032258064516129004,-0.19354838709677424,-0.12609970674486803,-0.1700879765395894,-0.09677419354838712,0.4780058651026393,0.281524926686217,-0.39296187683284456,-0.5571847507331379,-0.05696307540939656,-0.29405714191836124,0.5878536585365853,382.0
blackle01,6.971658536585366,1.0554634146341464,0.4153164715784751,0.6995739077740086,-0.4486803519061584,-0.17595307917888559,-0.33431085043988273,-0.12023460410557185,0.14956011730205288,-0.17595307917888559,0.46041055718475077,-0.375366568914956,0.061583577712609916,-0.9589442815249267,-0.013466445867428926,-0.2970184030065505,0.31414634146341464,383.0
balllo01,9.89159756097561,1.6116219512195122,0.3478876570703946,0.6455659720917775,-0.29032258064516125,-0.04105571847507328,0.4457478005865103,0.4252199413489737,-0.038123167155425186,0.21407624633431088,-0.14662756598240467,-0.9120234604105572,-0.2785923753665689,-0.6217008797653956,-0.011929462491387745,-0.2975535791561238,0.4879756097560976,384.0
hendrta01,10.084524390243905,2.2895121951219517,0.3921223593907557,0.6414778578219675,-0.14956011730205276,0.07917888563049846,-0.46920821114369504,0.22580645161290325,0.4868035190615836,0.08797653958944274,0.3049853372434017,-0.7243401759530792,-0.46920821114369504,-0.6275659824046923,-0.0176163009827403,-0.29982746047263464,0.4915609756097561,385.0
isaacjo01,8.214756097560976,3.5460975609756096,0.4517315051433976,0.5932355700183025,-0.2668621700879765,0.19648093841642233,-0.5366568914956011,0.12903225806451624,0.7448680351906158,-0.2756598240469208,0.4105571847507332,-0.04398826979472137,-0.8651026392961877,-0.5073313782991199,-0.0508151419052316,-0.31087642244188685,0.6809756097560976,386.0
brookke02,7.49998780487805,2.222585365853659,0.4883936577536146,0.690814152597564,-0.3401759530791789,-0.36950146627565983,-0.7243401759530792,-0.46041055718475077,0.055718475073313734,-0.32844574780058655,0.5175953079178885,0.3489736070381231,0.032258064516129004,-1.268328445747801,-0.03903160268891513,-0.3284921027451989,0.26721951219512197,387.0
jonessp01,8.781414634146342,1.7058658536585367,0.4698296161839946,0.5841674699375631,-0.281524926686217,-0.11143695014662758,-0.4428152492668622,0.055718475073313734,0.32551319648093835,-0.09970674486803521,0.4164222873900294,0.18768328445747806,-0.6715542521994136,-0.621700879765396,-0.046742135958722196,-0.33898726131801765,0.5895853658536585,388.0
hayeski01,9.506512195121951,2.305817073170732,0.3786080513117534,0.7500404790737377,-0.24633431085043989,-0.42228739002932547,0.43695014662756604,-0.09677419354838712,-0.12023460410557185,-0.08797653958944285,0.02639296187683282,-0.7712609970674487,0.42815249266862176,-0.8533724340175952,-0.0022208508327270057,-0.34295180863936636,0.40292682926829265,389.0
grayha01,1.4075121951219511,0.938341463414634,0.6382581669534454,1.0,-0.81524926686217,-0.9926686217008798,-0.8651026392961877,-0.6715542521994136,-0.3167155425219942,-0.906158357771261,0.782991202346041,0.3724340175953078,0.5806451612903225,-2.8313782991202348,-0.17187819915808122,-0.3565027451071219,0.13404878048780489,390.0
bostobr01,15.480073170731709,3.848634146341464,0.4304149321956351,0.7100403536769601,0.09090909090909083,-0.21407624633431088,-0.13196480938416422,0.16422287390029333,-0.24633431085043989,-0.011730205278592365,-0.07917888563049857,-0.5395894428152492,0.24926686217008798,-0.718475073313783,0.021909788171120673,-0.3618314992578784,0.4887073170731707,391.0
reathdu01,8.927560975609756,1.6540487804878048,0.4527754778479543,0.6866778748482185,-0.18768328445747806,-0.24926686217008798,-0.49266862170087977,-0.46334310850439886,0.1730205278592376,0.12609970674486815,0.49853372434017595,-0.032258064516129004,-0.035190615835777095,-0.6627565982404691,-0.03744338653367262,-0.366342032809689,0.5858536585365853,392.0
mbengbe01,6.677146341463415,1.6928048780487808,0.5006473865066561,0.595949448928244,-0.39296187683284456,-0.4164222873900293,0.09677419354838701,0.35190615835777117,-0.46041055718475077,-0.5718475073313782,0.2434017595307918,0.3841642228739004,-0.6041055718475073,-1.36950146627566,0.0051566693722708045,-0.36773781540942696,0.26751219512195124,393.0
slawsja01,5.333317073170733,0.9315121951219512,0.4566179270820765,0.5970453826369779,-0.5043988269794721,-0.26392961876832843,-0.25806451612903225,-0.1348973607038123,0.19061583577712615,-0.4046920821114369,0.2727272727272727,0.035190615835777095,-0.3782991202346041,-1.4457478005865099,-0.007190430415260535,-0.37090219414829945,0.25782926829268293,394.0
curryse01,9.900646341463416,2.0854024390243904,0.4643438601673849,0.7924101833105528,-0.09677419354838712,-0.563049853372434,-0.29032258064516125,-0.375366568914956,-0.750733137829912,0.1700879765395895,0.5278592375366569,0.11436950146627556,0.5043988269794721,-0.7595307917888563,-0.04733131291953801,-0.37254981032464074,0.5230975609756098,395.0
gordoer01,9.608951219512196,1.95069512195122,0.4788373591375174,0.6344232812493471,-0.09384164222873903,-0.7272727272727273,-0.2375366568914956,-0.04105571847507328,-0.1671554252199413,0.29325513196480935,0.2785923753665689,0.3108504398826979,-0.4574780058651027,-0.8416422287390029,-0.022688346123676487,-0.3881641658747228,0.47397560975609754,396.0
baglema02,5.534780487804879,0.884048780487805,0.3937493062093772,0.6951911223908932,-0.5894428152492668,-0.14369501466275658,-0.6598240469208212,-0.43108504398826974,0.18181818181818188,-0.46041055718475077,0.7096774193548387,-0.43988269794721413,0.04105571847507328,-1.7917888563049853,-0.034471885339992826,-0.39179596174612186,0.22295121951219513,397.0
willilu01,7.784256097560976,0.8520365853658536,0.3345806927921401,1.0,-0.46627565982404695,-0.35777126099706746,-0.3812316715542522,-0.15249266862170086,-0.7653958944281525,-0.07331378299120239,0.47214076246334313,-0.873900293255132,0.5718475073313782,-2.026392961876833,-0.008778646570503215,-0.39653502811557084,0.19653658536585367,398.0
simsje01,6.112280487804878,2.537414634146342,0.6822640043004622,0.5731940996348864,-0.25806451612903225,0.6832844574780059,-0.08504398826979476,-0.3782991202346041,0.4750733137829912,-0.906158357771261,-0.12023460410557185,0.8240469208211143,-0.8211143695014662,-0.5865102639296187,-0.019076435189979535,-0.4007328417355184,0.7062195121951219,399.0
balad01,6.14659756097561,1.1234146341463416,0.4141347840081615,0.8048483554824992,-0.4574780058651027,-0.6539589442815249,-0.407624633431085,-0.42521994134897356,-0.7888563049853372,-0.029325513196480912,0.6803519061583578,-0.32844574780058655,0.39882697947214085,-2.0117302052785924,-0.05027719772361712,-0.4045855630461567,0.20626829268292685,400.0
gilbeke01,1.9535121951219512,1.149109756097561,0.4288030743296167,1.0,-0.8181818181818181,-0.9120234604105572,-0.29325513196480935,-0.6480938416422287,-0.055718475073313734,-0.906158357771261,0.39589442815249276,-0.02639296187683282,0.6275659824046922,-2.636363636363636,-0.09846162656251055,-0.4058786214211214,0.1599268292682927,401.0
willial06,3.488390243902439,0.6571463414634148,0.6077078696541487,0.6804312344126325,-0.533724340175953,-0.750733137829912,-0.5806451612903225,-0.8826979472140762,-0.5601173020527859,-0.35777126099706746,0.4838709677419355,0.5483870967741935,-0.04985337243401755,-2.6832844574780057,-0.049790486321204065,-0.41333009035107365,0.15695121951219512,402.0
whitmca01,15.392573170731708,3.446304878048781,0.4528598396526982,0.6620802775082811,0.12316715542521983,-0.11436950146627567,-0.4486803519061584,-0.1055718475073314,0.038123167155425186,0.11143695014662747,0.1026392961876832,-0.11143695014662758,-0.40175953079178883,-0.8064516129032262,0.014711582693327428,-0.41360588176254703,0.5036829268292683,403.0
hinsobl01,7.789634146341465,1.3806219512195124,0.5098931690757081,0.664147340426821,-0.19648093841642233,-0.6510263929618768,-0.6099706744868035,-0.7096774193548387,-0.7096774193548387,0.19061583577712615,0.8005865102639296,0.46920821114369504,-0.1671554252199413,-1.583577712609971,-0.0340107903271804,-0.41377216256468274,0.26702439024390245,404.0
zikarro01,1.145353658536585,0.7982560975609756,0.578255296166707,1.0,-0.8621700879765396,-0.6627565982404693,-0.8797653958944281,-0.9736070381231672,-0.05278592375366564,-0.906158357771261,0.9237536656891496,0.2668621700879765,0.5454545454545454,-2.601173020527859,-0.1380133321059722,-0.4154929854908725,0.1686829268292683,405.0
dowtije01,7.538743902439024,1.6329634146341463,0.5031228886685537,0.638327752606663,-0.3137829912023461,-0.5982404692082112,0.008797653958944274,-0.26099706744868034,-0.33431085043988273,-0.22287390029325516,0.6011730205278591,0.42815249266862176,-0.35777126099706746,-1.0498533724340176,-0.035573390092822336,-0.420703545846204,0.41478048780487803,406.0
okekech01,6.491646341463414,0.8924146341463416,0.4538231539341529,0.6043077771174434,-0.4545454545454546,-0.008797653958944274,-0.3372434017595308,-0.42228739002932547,-0.16422287390029322,-0.04105571847507328,0.5718475073313782,0.008797653958944274,-0.3196480938416423,-1.1671554252199416,-0.037033524300061564,-0.4233822536129112,0.3746341463414634,407.0
tomlina01,12.975524390243905,3.958756097560976,0.4465154635848491,0.6719077068821326,-0.04398826979472137,0.15542521994134906,-0.4574780058651027,-0.3724340175953079,0.1950146627565983,-0.29618768328445744,0.4750733137829912,-0.17595307917888559,-0.2727272727272727,-0.7932551319648091,0.01891267058784013,-0.42407044675724676,0.5221463414634147,408.0
hawkijo01,16.87384146341463,3.115085365853659,0.381957872392031,0.718433662327721,0.15249266862170097,-0.1730205278592375,-0.18475073313782986,-0.19648093841642233,0.09677419354838701,0.43108504398826986,-0.05278592375366564,-0.9442815249266863,0.28739002932551316,-0.5835777126099706,0.014685966303726764,-0.4241397647557181,0.7089512195121951,409.0
rhodeja01,5.829548780487805,1.4769146341463415,0.4706776765633126,0.7316897535113062,-0.4516129032258065,-0.5102639296187683,-0.6070381231671554,-0.5249266862170088,-0.25219941348973607,-0.33431085043988273,0.6656891495601174,0.15835777126099715,0.2111436950146628,-1.6451612903225805,-0.04272036279141419,-0.43273721828353834,0.27004878048780484,410.0
reeseju01,8.381560975609757,3.151707317073171,0.5303760190968542,0.6143825686655779,-0.22580645161290325,0.313782991202346,-0.42815249266862165,-0.1026392961876833,-0.08504398826979476,-0.906158357771261,-0.09970674486803521,0.595307917888563,-0.750733137829912,-1.689149560117302,0.04081468369642818,-0.43957969492808396,0.25409756097560976,411.0
brownko01,9.51769512195122,1.7236219512195123,0.4647632286956505,0.6669259403264286,-0.2052785923753666,0.058651026392961825,-0.12316715542521994,-0.29618768328445744,-0.19354838709677424,-0.07624633431085048,0.16129032258064524,0.13196480938416433,-0.18475073313782986,-0.7272727272727272,-0.034523118119194195,-0.4408421964006056,0.6363658536585366,412.0
garcian01,3.509134146341464,1.105487804878049,0.3159586600005815,0.7066258484577129,-0.782991202346041,-0.22287390029325516,-0.4046920821114369,-0.3372434017595308,-0.21994134897360706,-0.6979472140762464,0.530791788856305,-0.5806451612903225,0.08211143695014655,-2.6334310850439886,-0.07543249231149234,-0.44253375654272187,0.173,413.0
peavymi01,13.461597560975612,2.2815731707317077,0.3981260872879296,0.6692342605529734,-0.07917888563049857,-0.11730205278592376,-0.04985337243401755,0.4384164222873901,-0.13196480938416422,-0.061583577712609916,0.39296187683284467,-0.8064516129032258,-0.2082111436950147,-0.6231671554252197,-0.03193586276952471,-0.44764861019294483,0.7571463414634146,414.0
manntr01,14.434939024390244,2.1820365853658537,0.419421525694515,0.7406081936417928,0.014662756598240456,-0.2697947214076246,0.23167155425219943,-0.038123167155425186,-0.4193548387096774,0.1788856304985338,-0.19354838709677424,-0.6539589442815249,0.3431085043988269,-0.8064516129032258,0.03215634401139566,-0.44975976499013687,0.5363170731707317,415.0
nnajize01,8.011756097560976,3.071292682926829,0.4933501995719478,0.6117559949393857,-0.22287390029325516,0.0,-0.4809384164222874,-0.23460410557184752,0.6803519061583578,-0.3548387096774194,0.281524926686217,0.3812316715542523,-0.7624633431085044,-0.7126099706744867,-0.051788564710057716,-0.45126043229736795,0.6828780487804879,416.0
konanya01,5.632182926829269,3.869207317073171,0.6104097398965268,0.6882097271518908,-0.3049853372434017,0.008797653958944274,-0.7536656891495601,-0.7302052785923754,0.6715542521994136,-0.7683284457478006,0.33137829912023453,0.6979472140762464,-0.04105571847507328,-0.8885630498533723,-0.05880745546064623,-0.4520144195307692,0.5447560975609756,417.0
labissk01,2.55619512195122,0.0,0.5709226841531205,0.6894553197072522,-0.7360703812316716,-0.6832844574780059,-0.7976539589442815,-0.7595307917888563,-0.7331378299120235,-0.5689149560117301,0.9384164222873901,0.4076246334310851,-0.004398826979472137,-2.9369501466275665,-0.10263709806742259,-0.4541813836351255,0.1602439024390244,418.0
loverla01,2.585560975609756,1.2054512195121951,0.600476339051957,0.4196242828146155,-0.7331378299120235,-0.4134897360703812,-0.7360703812316716,-0.4838709677419355,-0.563049853372434,-0.906158357771261,0.7741935483870968,0.4545454545454546,-0.841642228739003,-3.4486803519061584,-0.07084715857296923,-0.4589733834160779,0.1358780487804878,419.0
gueyemo01,5.153280487804878,1.802329268292683,0.4718131271836817,0.6436806533870244,-0.5425219941348973,-0.4809384164222874,-0.4193548387096774,-0.36070381231671556,0.2727272727272727,-0.5131964809384164,0.43108504398826986,0.15249266862170097,-0.3548387096774194,-1.8152492668621698,-0.059601563538267434,-0.46734485448968466,0.2661951219512195,420.0
shamela01,15.53760975609756,3.0493536585365857,0.4348772495383817,0.6582366614242471,0.19354838709677424,-0.3782991202346041,-0.11730205278592376,0.038123167155425186,-0.3724340175953079,0.5747800586510263,0.16715542521994142,-0.47214076246334313,-0.4046920821114369,-0.7712609970674487,-0.018538491008365156,-0.46865237590659087,0.622609756097561,421.0
jacksre01,14.756,2.2178048780487805,0.4205065210463032,0.7230676540313007,0.02346041055718473,-0.36363636363636365,0.3841642228739004,0.0058651026392961825,-0.39296187683284456,0.2111436950146628,-0.15542521994134895,-0.6510263929618768,0.23167155425219943,-0.7067448680351904,-0.006345089558437674,-0.47919302892808263,0.684170731707317,422.0
poulajo01,6.646756097560976,0.6969268292682927,0.4307288949074297,0.7442569771550941,-0.3782991202346041,-0.6686217008797655,-0.7096774193548387,-0.6275659824046921,-0.5073313782991202,0.16129032258064524,0.8387096774193548,-0.19941348973607043,0.15249266862170097,-1.9384164222873903,-0.03813502905289107,-0.48415462033481904,0.25478048780487805,423.0
scotttr01,5.466573170731708,0.8244634146341464,0.3844904136882793,0.6116784029785531,-0.6304985337243402,-0.4897360703812317,-0.6480938416422287,-0.3548387096774194,-0.1407624633431085,-0.4516129032258065,0.7360703812316716,-0.49266862170087977,-0.2668621700879765,-2.739002932551319,-0.08519233674935431,-0.48616515573337943,0.1831951219512195,424.0
thompet01,11.087487804878048,3.226829268292683,0.3817455648570524,0.7103042530729241,-0.11436950146627567,-0.375366568914956,-0.02052785923753664,-0.18181818181818177,-0.1378299120234604,0.10557184750733128,0.23460410557184752,-0.8240469208211143,0.22873900293255134,-1.0850439882697946,-0.008804262960103752,-0.4863816065917869,0.4519268292682927,425.0
nelsogr01,1.710987804878049,1.7002317073170734,0.5477451880762255,0.6634252753590252,-0.7947214076246334,-0.8475073313782991,-0.6920821114369502,-0.8651026392961877,0.14662756598240478,-0.906158357771261,0.6480938416422288,0.28445747800586507,-0.20234604105571852,-3.228739002932551,-0.10881064796118822,-0.49759052471116444,0.15948780487804878,426.0
reeseal01,3.46269512195122,0.8779024390243904,0.4861881479395261,0.6638406907910672,-0.6598240469208212,-0.5366568914956011,-0.9178885630498533,-0.4780058651026393,0.07038123167155419,-0.3372434017595308,0.8035190615835777,0.2082111436950147,-0.12023460410557185,-1.967741935483871,-0.10215038666500953,-0.4976579212056557,0.26675609756097557,427.0
newelas01,9.10059756097561,1.860378048780488,0.5402350989892006,0.5322754951602253,-0.13196480938416422,-0.16129032258064513,-0.4897360703812317,-0.2668621700879765,0.07624633431085037,-0.06451612903225812,0.29912023460410553,0.6451612903225807,-0.8181818181818181,-0.912023460410557,-0.042131185830598376,-0.5010155163885646,0.5759512195121952,428.0
burtoty01,8.167975609756098,2.1697439024390244,0.3768331411158416,0.7928428844807043,-0.343108504398827,-0.42815249266862165,-0.7214076246334311,-0.407624633431085,-0.4780058651026393,-0.05278592375366564,0.5542521994134897,-0.7155425219941349,0.5249266862170088,-2.0674486803519065,-0.04369378559624039,-0.5020886534013327,0.24809756097560978,429.0
greenja02,5.725658536585367,2.6860365853658537,0.5511199014687844,0.6084352472354996,-0.375366568914956,-0.2727272727272727,-0.5777126099706744,-0.08211143695014667,0.35483870967741926,-0.39296187683284456,0.35190615835777117,0.5542521994134897,-0.7302052785923754,-1.1700879765395893,-0.06421251366639112,-0.5020944327166971,0.4540243902439024,430.0
bassech01,4.735414634146342,1.903914634146341,0.6143352010930264,0.6123888568730943,-0.4897360703812317,-0.02052785923753664,-0.6363636363636364,-0.5366568914956011,0.4574780058651027,-0.8049853372434017,0.49266862170087977,0.6510263929618769,-0.563049853372434,-1.4501466275659818,-0.055451708422955985,-0.5052537471714966,0.3622682926829268,431.0
mykhasv01,13.296073170731706,1.7727073170731709,0.4383232331244836,0.6896453837935639,0.04985337243401755,-0.3020527859237536,0.02639296187683282,-0.25806451612903225,-0.5953079178885631,0.43988269794721413,0.058651026392961825,-0.343108504398827,0.017595307917888547,-0.906158357771261,0.0013654437113692847,-0.5085896191869853,0.5604146341463415,432.0
garrema01,3.764719512195122,0.632987804878049,0.4165253688574604,0.6400568810132173,-0.7214076246334311,-0.8914956011730205,-0.39882697947214074,-0.5513196480938416,-0.533724340175953,-0.5747800586510263,0.5513196480938416,-0.15249266862170086,-0.14956011730205276,-3.422287390029325,-0.10063901967856888,-0.518177145774718,0.156,433.0
diengou01,13.03340243902439,1.990817073170732,0.4314863192693518,0.6379618404761314,-0.055718475073313734,0.02052785923753664,0.15249266862170097,-0.16422287390029322,0.02639296187683282,0.1407624633431086,-0.12903225806451613,-0.4545454545454546,-0.4369501466275659,-0.9002932551319646,0.010664193136418754,-0.5216675592169114,0.5726585365853658,434.0
jeffrda01,6.509743902439025,1.4933902439024391,0.5005188078104901,0.7273974041777395,-0.39002932551319647,-0.6656891495601174,-0.7038123167155426,-0.5043988269794721,-0.5161290322580645,-0.2082111436950147,0.750733137829912,0.3782991202346042,0.19648093841642233,-1.6627565982404688,-0.060139507719881725,-0.5282382283242735,0.32960975609756094,435.0
colliyu01,0.8874634146341464,0.0,0.3825332550543731,0.6894553197072522,-0.9794721407624634,-0.9237536656891495,-0.6891495601173021,-0.6744868035190617,-0.9325513196480939,-0.906158357771261,0.9809384164222874,-0.038123167155425186,-0.004398826979472137,-4.167155425219942,-0.19032199967057634,-0.535514569328245,0.13465853658536586,436.0
mogbojo01,7.082378048780489,2.305987804878049,0.478137260426538,0.6247266703334342,-0.4046920821114369,0.11730205278592365,0.02052785923753664,-0.02639296187683282,0.24633431085043989,-0.6129032258064516,0.10850439882697938,0.26099706744868034,-0.5777126099706744,-0.8680351906158359,-0.02120259552683655,-0.5382344047664447,0.6355853658536585,437.0
bryanca01,12.653439024390243,2.731109756097561,0.4205778759371389,0.6311431969163823,-0.04985337243401755,0.23460410557184752,-0.2052785923753666,-0.3489736070381232,0.5161290322580645,0.25219941348973607,0.11436950146627556,-0.5747800586510263,-0.6070381231671554,-0.6686217008797655,-0.031910246379924005,-0.542416041043182,0.8519024390243902,438.0
steveis01,1.4868170731707318,0.4375853658536586,0.4033049993867653,0.7068682253214732,-0.9472140762463344,-0.844574780058651,-0.6539589442815249,-0.4134897360703812,-0.9325513196480939,-0.906158357771261,0.8680351906158357,-0.06744868035190621,0.04692082111436946,-3.8504398826979473,-0.1554324770344398,-0.5425352337096174,0.14682926829268292,439.0
richajo01,9.019158536585367,1.5440121951219512,0.3914079129401473,0.8395022354757821,-0.32551319648093846,-0.5425219941348973,-0.15249266862170086,0.017595307917888547,-0.36363636363636365,-0.02052785923753664,0.2052785923753666,-0.6832844574780059,0.530791788856305,-1.3343108504398828,-0.04512830341387891,-0.5457644260665939,0.42334146341463413,440.0
nfalyda01,1.2468536585365857,0.4579878048780488,0.5598637013938466,0.7222481768006999,-0.906158357771261,-0.7214076246334311,-0.9706744868035191,-0.7859237536656891,-0.5425219941348973,-0.906158357771261,0.8826979472140764,0.25513196480938416,0.07038123167155419,-3.6246334310850434,-0.14521153758376543,-0.5482211080980063,0.1575609756097561,441.0
millele01,7.382524390243903,2.112463414634147,0.5354361011956567,0.6772087580464118,-0.29912023460410553,-0.17888563049853368,-0.5894428152492668,-0.5131964809384164,-0.29325513196480935,-0.4457478005865103,0.5131964809384164,0.5718475073313782,-0.13196480938416422,-1.3665689149560114,-0.03600886871603405,-0.5499107313057663,0.4132926829268293,442.0
pendano01,10.210951219512197,2.7358902439024395,0.4209239407541766,0.621430740024525,-0.1730205278592375,0.28445747800586507,-0.0058651026392961825,0.0997067448680351,0.2697947214076246,-0.058651026392961825,-0.04985337243401755,-0.4750733137829912,-0.6891495601173021,-0.7976539589442816,-0.02312382474688825,-0.5645569039143684,0.7289024390243903,443.0
sandfpa01,4.115829268292683,0.661329268292683,0.501650537283206,0.5087975740284555,-0.565982404692082,-0.7712609970674487,-0.9868035190615836,-0.8680351906158358,-0.9325513196480939,-0.23167155425219943,0.9149560117302054,0.3049853372434017,-0.5043988269794721,-3.640762463343109,-0.08053015384202925,-0.567639966029477,0.1594390243902439,444.0
willibr03,9.088646341463416,3.241426829268293,0.481292888190945,0.713750112712202,-0.15835777126099704,-0.6041055718475073,-0.032258064516129004,-0.42815249266862165,-0.6422287390029325,-0.3519061583577713,0.18475073313782997,0.32551319648093835,0.2434017595307918,-1.4633431085043989,-0.007344128752864607,-0.5700058444876067,0.39148780487804874,445.0
mathega01,7.408134146341465,2.9913048780487808,0.4156342889570139,0.7314115497000261,-0.21407624633431088,-0.5923753665689149,-0.46041055718475077,-0.3841642228739003,-0.3020527859237536,0.23167155425219943,0.5747800586510263,-0.3870967741935484,0.3841642228739004,-1.1495601173020527,-0.05796211460382347,-0.5708525067281155,0.5229512195121951,446.0
chandke01,12.67110975609756,3.8338658536585366,0.4391617363030609,0.6276622484834924,-0.032258064516129004,-0.4046920821114369,0.5425219941348973,-0.18475073313782986,-0.5278592375366569,-0.19648093841642233,-0.09384164222873903,-0.3108504398826979,-0.7536656891495601,-1.9618768328445746,0.06033437257215205,-0.57179254888771,0.2827560975609756,447.0
okafoja01,0.0,0.0,0.46035860923494154,0.6894553197072522,-0.9912023460410557,-0.9560117302052786,-0.8680351906158358,-0.9736070381231672,-0.9325513196480939,-0.906158357771261,0.9809384164222874,0.06598240469208205,-0.004398826979472137,-4.585043988269794,-0.21798770043931892,-0.5748537264736847,0.13163414634146342,448.0
odurojo01,2.9493048780487805,1.0265243902439023,0.6337551166513727,0.501856375729389,-0.6979472140762464,-0.3841642228739003,-0.8005865102639296,-0.9736070381231672,-0.9325513196480939,-0.906158357771261,0.8240469208211143,0.5425219941348973,-0.6979472140762464,-4.026392961876833,-0.10934859214280271,-0.5750412210104665,0.14680487804878048,449.0
sarafbe01,14.40198780487805,4.713219512195122,0.4000867500570765,0.764054610744432,0.0029325513196480912,-0.26099706744868034,0.5131964809384164,0.2668621700879765,-0.3401759530791789,-0.29032258064516125,-0.6832844574780059,-0.8211143695014662,0.6158357771260996,-0.9970674486803519,0.009127209760377486,-0.5765986219528033,0.5730487804878049,450.0
wallake01,9.667853658536586,1.13809756097561,0.4133902180608381,0.6830731844067515,-0.2756598240469208,-0.5131964809384164,0.3079178885630498,0.13489736070381242,-0.29618768328445744,0.058651026392961825,0.1378299120234605,-0.5366568914956011,-0.055718475073313734,-1.038123167155425,-0.02015232355320837,-0.5847621782565708,0.5744390243902439,451.0
cissemo01,6.41848780487805,4.6554268292682925,0.560082225416286,0.4736917996008731,-0.3548387096774194,0.530791788856305,-0.8269794721407624,-0.22580645161290325,0.8357771260997067,-0.906158357771261,0.1730205278592376,0.6187683284457477,-0.9882697947214076,-1.1436950146627567,-0.00014592327507136099,-0.5864175523518558,0.5128048780487805,452.0
simsja01,3.0797439024390245,1.6600243902439027,0.4316553228618354,0.7486929116072601,-0.6803519061583578,-0.9193548387096774,-0.5542521994134897,-0.7653958944281525,-0.7595307917888563,-0.4486803519061584,0.5571847507331378,-0.0703812316715543,0.3049853372434017,-3.335777126099706,-0.12313020974797267,-0.5865823125807091,0.18258536585365853,453.0
sarrol01,2.0650853658536588,1.167121951219512,0.5990311637607368,0.5020002527557283,-0.750733137829912,-0.5718475073313782,-0.7683284457478006,-0.7741935483870968,-0.1026392961876833,-0.6304985337243402,0.7888563049853372,0.4105571847507332,-0.7331378299120235,-3.131964809384164,-0.08724164791740933,-0.587408785541513,0.1929268292682927,454.0
pullizy01,2.84319512195122,0.3969512195121951,0.5492175404454919,0.7217341489437663,-0.8240469208211143,-0.967741935483871,-0.7390029325513197,-0.9208211143695014,-0.9325513196480939,-0.7243401759530792,0.8621700879765395,0.3753665689149561,0.06451612903225801,-3.8064516129032264,-0.13901237130039903,-0.5878636755076532,0.16029268292682927,455.0
kentja01,1.0645121951219512,0.1840487804878049,0.5440733589378653,1.0,-0.9090909090909091,-0.9193548387096774,-0.9868035190615836,-0.8709677419354839,-0.7038123167155426,-0.6891495601173021,0.9809384164222874,0.2052785923753666,0.19941348973607043,-3.693548387096776,-0.18104886663512745,-0.5966108941584127,0.16985365853658538,456.0
edwarje01,0.0,0.0,0.46035860923494154,0.6894553197072522,-0.9912023460410557,-0.9926686217008798,-0.8973607038123167,-0.9736070381231672,-0.9325513196480939,-0.906158357771261,0.9809384164222874,0.06598240469208205,-0.004398826979472137,-4.651026392961876,-0.22157399498341523,-0.6017573135790252,0.13585365853658538,457.0
norrimi01,1.7948170731707318,0.463109756097561,0.259582767939174,0.5147822098211841,-0.9208211143695014,-0.7624633431085044,-0.9868035190615836,-0.6656891495601174,-0.6510263929618768,-0.533724340175953,0.9809384164222874,-0.43108504398826974,-0.3401759530791789,-4.310850439882698,-0.1544078214504123,-0.6077530121341841,0.14621951219512194,458.0
newtotr01,3.917268292682927,1.0365121951219511,0.4354177439605522,0.6247998948928216,-0.718475073313783,-0.7771260997067448,-0.9120234604105572,-0.7038123167155426,-0.9325513196480939,-0.4897360703812317,0.8416422287390029,-0.08797653958944285,-0.2697947214076246,-4.049853372434017,-0.12361692115038576,-0.611343744024261,0.15570731707317073,459.0
huntlcj01,2.2546829268292687,0.0,0.521676961845254,0.6894553197072522,-0.8211143695014662,-0.8533724340175953,-0.8944281524926686,-0.8533724340175953,-0.9325513196480939,-0.906158357771261,0.9809384164222874,0.2697947214076246,-0.004398826979472137,-4.014662756598241,-0.14933577630947611,-0.614209884794666,0.15890243902439025,460.0
mcgowbr01,9.632341463414631,4.025597560975609,0.457336453688353,0.7223150486847252,-0.1407624633431085,-0.4750733137829912,-0.2668621700879765,-0.33431085043988273,-0.5131964809384164,-0.2052785923753666,0.2082111436950147,0.02639296187683282,0.4164222873900294,-1.284457478005865,-0.051301853307644564,-0.6148333482946591,0.49858536585365854,461.0
branhma01,12.11136585365854,2.9483658536585367,0.4487376921117805,0.7259236096170737,-0.008797653958944274,-0.3460410557184751,-0.09677419354838712,-0.3020527859237536,-0.565982404692082,0.07917888563049846,0.014662756598240456,-0.13196480938416422,0.32844574780058644,-1.0293255131964811,-0.026197791498970696,-0.6148928268707764,0.6129756097560976,462.0
loveca01,22.690841463414632,2.9216463414634144,0.3869548391378962,0.649498172165627,0.35190615835777117,-0.16422287390029322,0.4105571847507332,0.0029325513196480912,-0.36070381231671556,0.6422287390029326,-0.343108504398827,-0.9853372434017595,-0.49560117302052786,-0.9413489736070381,0.05019028229027977,-0.6176322208868683,0.6229024390243902,463.0
plumlma01,5.125707317073171,3.88389024390244,0.6002586660764505,0.6031214422491307,-0.3841642228739003,0.39589442815249276,0.0058651026392961825,-0.1407624633431085,0.16129032258064524,-0.906158357771261,0.05278592375366564,0.6334310850439884,-0.8563049853372434,-1.038123167155425,-0.02168930692924964,-0.6192809226451185,0.6092682926829268,464.0
mobleis01,4.777926829268294,0.779219512195122,0.3268656037229785,0.514706251933162,-0.6832844574780059,-0.6304985337243402,-0.3137829912023461,-0.6041055718475073,-0.42815249266862165,-0.4809384164222874,0.9208211143695015,-0.6920821114369502,-0.5425219941348973,-3.4545454545454546,-0.08416768116532682,-0.6198206929581991,0.18390243902439024,465.0
bantoda01,10.299560975609756,2.869829268292683,0.4004819722185176,0.7010584743665015,-0.17888563049853368,-0.4545454545454546,0.1788856304985338,-0.2756598240469208,0.5835777126099706,-0.19941348973607043,-0.32844574780058655,-0.6744868035190617,0.12609970674486815,-1.2228739002932552,0.020936365366294576,-0.6210557014288367,0.49931707317073176,466.0
olivaqu01,1.1798414634146344,0.0,0.2433196732978753,0.6894553197072522,-0.9618768328445748,-0.9926686217008798,-0.9237536656891495,-0.9736070381231672,-0.9325513196480939,-0.6480938416422287,0.8739002932551319,-0.29032258064516125,-0.004398826979472137,-4.853372434017595,-0.1984936279531957,-0.6226184237184675,0.13375609756097562,467.0
clarkbr01,8.350146341463416,3.0065000000000004,0.5178642238604073,0.5193758104488811,-0.33137829912023464,-0.09970674486803521,-0.5249266862170088,-0.14662756598240467,-0.011730205278592365,-0.7565982404692082,0.6774193548387097,0.5249266862170088,-0.935483870967742,-1.6041055718475072,-0.05809019655182677,-0.6277953654462874,0.40607317073170734,468.0
berinjo01,6.198926829268293,2.8636829268292687,0.6309722950602923,0.6273588020441239,-0.3020527859237536,-0.08797653958944285,-0.7126099706744868,-0.6187683284457478,0.6979472140762464,-0.906158357771261,0.6070381231671553,0.7683284457478006,-0.6686217008797655,-1.222873900293255,-0.04833035211396475,-0.6329643828541809,0.5389024390243902,469.0
omierno01,1.122560975609756,0.525939024390244,0.6468905565850355,1.0,-0.8797653958944281,-0.906158357771261,-0.9296187683284457,-0.8914956011730205,-0.9325513196480939,-0.906158357771261,0.9809384164222874,0.346041055718475,0.43988269794721413,-3.678885630498534,-0.1820991386087556,-0.6365004289993516,0.18202439024390243,470.0
brownda01,0.4695121951219512,0.0,0.0,0.6894553197072522,-0.9912023460410557,-0.9530791788856305,-0.9868035190615836,-0.9736070381231672,-0.9325513196480939,-0.906158357771261,0.9809384164222874,-0.22873900293255134,-0.004398826979472137,-4.995601173020528,-0.22311097835945648,-0.6402120992838023,0.13414634146341464,471.0
essenno01,0.7777682926829269,0.0,0.0,0.6894553197072522,-0.9912023460410557,-0.9926686217008798,-0.9868035190615836,-0.8005865102639296,-0.9325513196480939,-0.906158357771261,0.9809384164222874,-0.42815249266862165,-0.004398826979472137,-5.061583577712609,-0.22208632277542897,-0.6423547332041009,0.13273170731707318,472.0
shannte01,8.906731707317075,3.6139634146341466,0.470990718797767,0.7053213086352726,-0.12023460410557185,-0.5073313782991202,-0.2404692082111437,-0.46920821114369504,-0.6129032258064516,-0.10850439882697949,0.34750733137829903,0.21994134897360706,0.20234604105571852,-1.2888563049853372,-0.034369419781590166,-0.6440107307260602,0.5133658536585366,473.0
moralal01,1.0890121951219511,0.4176951219512195,0.4515136582307291,1.0,-0.9149560117302052,-0.935483870967742,-0.7448680351906158,-0.9736070381231672,-0.9325513196480939,-0.906158357771261,0.6920821114369502,0.04692082111436946,0.40175953079178894,-4.266862170087977,-0.16260506612263229,-0.6456697151360117,0.1573170731707317,474.0
mccluma01,3.7833292682926833,0.9595121951219512,0.3987809332978143,0.6139533634220997,-0.7419354838709677,-0.8093841642228738,-0.2727272727272727,-0.6774193548387097,-0.7859237536656891,-0.5513196480938416,0.7771260997067448,-0.26099706744868034,-0.3049853372434017,-3.6275659824046915,-0.0862426087229825,-0.6459892076040366,0.18241463414634146,475.0
minixri01,1.719439024390244,0.1964268292682927,0.4843567334659466,0.7152485102586935,-0.8826979472140762,-0.7917888563049853,-0.9266862170087976,-0.9178885630498533,-0.841642228739003,-0.6744868035190617,0.9413489736070382,0.12903225806451624,0.038123167155425186,-3.9266862170087977,-0.15648274900806797,-0.6510497695962236,0.1726829268292683,476.0
tonjejo01,2.836280487804878,0.711439024390244,0.331020951484601,1.0,-0.7888563049853372,-0.841642228739003,-0.9090909090909091,-0.7800586510263929,-0.9325513196480939,-0.46334310850439886,0.9809384164222874,-0.4369501466275659,0.5131964809384164,-3.6583577712609965,-0.132864437796234,-0.6542799701056922,0.18558536585365853,477.0
battlja01,10.296658536585364,1.185390243902439,0.4643408795842059,0.6579860956053629,-0.09090909090909094,-0.15542521994134895,-0.39296187683284456,-0.5073313782991202,-0.4457478005865103,0.35483870967741926,0.36363636363636354,0.12609970674486815,-0.1730205278592375,-0.9208211143695014,-0.041695707207386676,-0.6547340075047603,0.7447560975609756,478.0
lowryky01,6.680390243902439,2.084121951219512,0.3793009254082417,0.7323026098281575,-0.46334310850439886,-0.533724340175953,0.11143695014662747,-0.25513196480938416,-0.2082111436950147,-0.08211143695014667,0.3020527859237536,-0.6158357771260997,0.2785923753665689,-1.4662756598240472,-0.049303774918790975,-0.6551248548844887,0.4623414634146341,479.0
dickihu01,2.064146341463415,0.3886707317073171,0.3784257193656911,1.0,-0.8973607038123167,-0.8797653958944281,-0.8885630498533724,-0.8768328445747801,-0.5542521994134897,-0.906158357771261,0.7712609970674487,-0.15835777126099704,0.3695014662756597,-4.020527859237537,-0.16263068251223298,-0.6616764133349351,0.17151219512195123,480.0
bambamo01,4.934402439024391,1.0468414634146344,0.4733712874079463,0.5938021966885496,-0.5806451612903225,0.11143695014662747,-0.7624633431085044,-0.750733137829912,0.49853372434017595,-0.4750733137829912,0.4897360703812317,0.1700879765395895,-0.42521994134897356,-1.724340175953079,-0.06267553029034985,-0.6646658582650916,0.39999999999999997,481.0
clarkja01,8.5995,3.285048780487805,0.4597301182681093,0.6287668452450585,-0.19061583577712615,-0.3137829912023461,-0.32551319648093846,0.4545454545454546,-0.5219941348973607,-0.055718475073313734,0.5689149560117301,0.05278592375366564,-0.7067448680351907,-1.0381231671554254,-0.08165727498445935,-0.665840231569359,0.6961463414634147,482.0
jarrede01,6.045951219512196,1.6747073170731706,0.3836889897246431,0.6431930183066416,-0.5542521994134897,-0.32258064516129037,-0.1700879765395894,-0.4486803519061584,-0.19648093841642233,-0.565982404692082,0.19061583577712615,-0.5425219941348973,-0.32258064516129037,-2.932551319648094,-0.05598965260457042,-0.6669413465101399,0.23185365853658538,483.0
cartodj01,1.1624268292682929,0.4819756097560976,0.3113201382878118,0.7370309482597988,-0.9442815249266863,-0.9296187683284457,-0.8211143695014662,-0.7771260997067448,-0.9325513196480939,-0.7360703812316716,0.7390029325513197,-0.16422287390029322,0.09677419354838701,-4.4692082111436955,-0.16826628822438428,-0.675247881898332,0.157,484.0
liddeej01,4.014756097560976,0.9986097560975612,0.4822379961697735,0.731476295834686,-0.6158357771260997,-0.624633431085044,-0.7272727272727273,-0.7243401759530792,-0.29912023460410553,-0.4545454545454546,0.6744868035190617,0.20234604105571852,0.16715542521994142,-2.4017595307917894,-0.09141711942232135,-0.6784517715338633,0.29365853658536584,485.0
flowetr01,1.508158536585366,0.2417560975609756,0.5206475049416781,0.6875723527092695,-0.8944281524926686,-0.9384164222873901,-0.9384164222873901,-0.9736070381231672,-0.9325513196480939,-0.906158357771261,0.847507331378299,0.2111436950146628,-0.029325513196480912,-4.55425219941349,-0.17595120510459056,-0.6795977445800447,0.15521951219512195,486.0
reddica01,8.085939024390244,2.418585365853659,0.4219775942315288,0.6389368172656994,-0.32844574780058655,-0.32551319648093846,-0.3401759530791789,0.31964809384164217,0.017595307917888547,-0.14956011730205276,0.32844574780058644,-0.36656891495601174,-0.5131964809384164,-1.3577712609970676,-0.05445266922852922,-0.6817945647866247,0.5231219512195122,487.0
freemen01,3.085890243902439,1.6014634146341469,0.4676572540939405,0.6397213189866788,-0.6891495601173021,-0.5513196480938416,-0.782991202346041,-0.6129032258064516,-0.1055718475073314,-0.530791788856305,0.6950146627565983,0.09677419354838701,-0.33431085043988273,-2.81524926686217,-0.0733063319746353,-0.6824094075022538,0.24887804878048783,488.0
milleem01,1.4151951219512198,0.3809024390243902,0.4886035898526729,0.5867636149929131,-0.8885630498533724,-0.8944281524926686,-0.8533724340175953,-0.844574780058651,-0.9325513196480939,-0.6950146627565983,0.9809384164222874,0.11730205278592365,-0.18768328445747806,-4.1979472140762475,-0.17595120510459059,-0.684033613916082,0.1700731707317073,489.0
jordade01,4.801060975609755,2.780536585365854,0.6365884951425878,0.5293691010329965,-0.46920821114369504,0.3372434017595307,-0.4105571847507331,-0.563049853372434,0.4164222873900294,-0.906158357771261,0.26099706744868034,0.7008797653958945,-0.9120234604105572,-1.5454545454545454,-0.05750101959101096,-0.6847126627431049,0.4601707317073171,490.0
mooreta02,3.2782195121951223,0.5685365853658537,0.3075185053935033,0.4967893389328543,-0.844574780058651,-0.7008797653958945,-0.8181818181818181,-0.6070381231671554,-0.9325513196480939,-0.6539589442815249,0.7448680351906158,-0.5718475073313782,-0.46627565982404695,-4.8504398826979465,-0.11956953159347705,-0.6868992975640222,0.14519512195121953,491.0
queentr01,5.865743902439024,1.4001707317073169,0.3714796327577215,0.7281363200156182,-0.530791788856305,-0.5894428152492668,-0.343108504398827,-0.24633431085043989,-0.008797653958944274,-0.39882697947214074,0.4545454545454546,-0.5953079178885631,0.18768328445747806,-2.070381231671554,-0.06267553029034989,-0.6881533712563431,0.34275609756097564,492.0
hepbuch01,1.4467804878048782,0.0,0.0,0.6894553197072522,-0.9912023460410557,-0.9794721407624634,-0.8240469208211143,-0.8240469208211143,-0.9325513196480939,-0.906158357771261,0.8709677419354838,-0.7038123167155426,-0.004398826979472137,-5.294721407624634,-0.20415485005494763,-0.6918204111897145,0.13590243902439025,493.0
smithto01,3.267890243902439,1.8691707317073172,0.6241647462172878,0.6269027086307635,-0.6451612903225806,-0.4516129032258065,-0.844574780058651,-0.9266862170087976,-0.4486803519061584,-0.906158357771261,0.6686217008797655,0.563049853372434,-0.49853372434017595,-3.4897360703812312,-0.08824068711183622,-0.7056858470753531,0.20746341463414636,494.0
antetal01,0.9625853658536586,1.9483902439024392,0.4250835569722662,0.6943016743496773,-0.8504398826979472,-0.9090909090909091,-0.9648093841642229,-0.9736070381231672,-0.7419354838709677,-0.6158357771260997,0.9442815249266863,0.02052785923753664,0.058651026392961825,-4.03225806451613,-0.166729304848343,-0.7062603887480827,0.18270731707317073,495.0
enarutr01,2.540743902439025,1.0342073170731707,0.5020003008409006,0.6578069829580538,-0.7272727272727273,-0.8357771260997068,-0.7859237536656891,-0.5747800586510263,-0.9325513196480939,-0.6011730205278593,0.8563049853372433,0.23460410557184752,-0.15542521994134895,-3.5219941348973602,-0.13191663138100848,-0.7073686107946925,0.20865853658536584,496.0
tshieos01,5.599317073170733,2.2371829268292687,0.5942513746708458,0.6131140145203876,-0.42228739002932547,0.055718475073313734,-0.6744868035190617,-0.4369501466275659,-0.6187683284457478,-0.906158357771261,0.6275659824046922,0.6598240469208212,-0.6480938416422287,-2.3636363636363633,-0.03188462999032338,-0.7108999187945244,0.3048780487804878,497.0
nembhry01,17.43870731707317,1.9610243902439024,0.4193278127998927,0.7003437075213408,0.1436950146627567,-0.04985337243401755,0.8739002932551319,-0.061583577712609916,-0.8387096774193549,0.18768328445747806,-0.533724340175953,-0.7390029325513197,0.09090909090909083,-0.9266862170087977,0.03730523832113393,-0.7149054680673634,0.741609756097561,498.0
whiteda01,8.663951219512198,1.0364268292682928,0.3859953501988137,0.5925114802859726,-0.3724340175953079,-0.5542521994134897,-0.4838709677419355,-0.6510263929618768,-0.5777126099706744,0.035190615835777095,0.4574780058651027,-0.6979472140762464,-0.42815249266862165,-3.272727272727273,-0.022201634721263394,-0.7165427003975199,0.2204390243902439,499.0
wheelph02,2.778146341463415,0.3700609756097561,0.1711790250024287,1.0,-0.9325513196480939,-0.8563049853372434,-0.9032258064516129,-0.8885630498533724,-0.4369501466275659,-0.906158357771261,0.9325513196480939,-0.7859237536656891,0.35483870967741926,-4.422287390029326,-0.1728516219629074,-0.721678567147475,0.16982926829268294,500.0
connapa01,9.112804878048784,2.185878048780488,0.4483905593994353,0.6337064566341735,-0.18475073313782986,-0.07624633431085048,-0.14369501466275658,-0.32844574780058655,-0.26392961876832843,0.0674486803519061,0.3782991202346042,-0.09970674486803521,-0.5102639296187683,-1.161290322580645,-0.04318145780422655,-0.7236618740416351,0.647219512195122,501.0
dukeda01,2.8657317073170736,0.5894512195121951,0.4898374936779442,0.638930262299478,-0.7302052785923754,-0.8005865102639296,-0.7302052785923754,-0.81524926686217,-0.8651026392961877,-0.49853372434017595,0.7536656891495601,0.19648093841642233,-0.14369501466275658,-3.6334310850439877,-0.11132105414205573,-0.7314821198324379,0.2076829268292683,502.0
terryda01,8.631426829268294,2.546292682926829,0.4499953694923798,0.5711896801680695,-0.24926686217008798,-0.2375366568914956,0.04398826979472137,0.09677419354838701,0.1436950146627567,-0.1378299120234604,0.14662756598240478,-0.07331378299120239,-0.8269794721407624,-1.093841642228739,-0.054939380630942225,-0.7329075369379188,0.7054634146341463,503.0
kolokch01,4.827695121951219,1.4292804878048782,0.4936947257820195,0.601087379243273,-0.5923753665689149,-0.10850439882697949,-0.5835777126099706,-0.39296187683284456,0.563049853372434,-0.782991202346041,0.46627565982404695,0.29618768328445744,-0.5219941348973607,-1.6568914956011729,-0.09756505292648643,-0.7418590631905472,0.4757560975609756,504.0
roweja01,1.802329268292683,0.7136585365853659,0.4666446341158338,0.4998386838812295,-0.8475073313782991,-0.8328445747800587,-0.8592375366568915,-0.7008797653958945,-0.9325513196480939,-0.5806451612903225,0.9472140762463344,0.08797653958944274,-0.5395894428152492,-4.258064516129032,-0.15443343784001295,-0.7428573137331975,0.18102439024390243,505.0
wilsoja01,14.471219512195123,5.193573170731708,0.4028989739257708,0.6989416672136586,0.1026392961876832,0.08211143695014655,-0.0029325513196480912,-0.17888563049853368,-0.6803519061583578,0.29912023460410553,-0.008797653958944274,-0.8005865102639296,0.18181818181818188,-1.0058651026392964,-0.009290974362516887,-0.7437602866131994,0.7463170731707317,506.0
ingraha01,0.6455365853658537,0.0,0.601492150289025,0.6894553197072522,-0.9413489736070382,-0.9325513196480939,-0.9428152492668622,-0.8797653958944281,-0.9325513196480939,-0.7302052785923754,0.9266862170087977,0.21407624633431088,-0.004398826979472137,-4.222873900293255,-0.18724803291849382,-0.7468860751619435,0.18507317073170731,507.0
knoxke01,6.212073170731707,1.3965853658536589,0.4829285084922626,0.7072216315352293,-0.43401759530791784,-0.5689149560117301,-0.6979472140762464,-0.6686217008797655,-0.17595307917888559,-0.3020527859237536,0.5366568914956011,0.2727272727272727,0.1026392961876832,-1.935483870967742,-0.07041167994975749,-0.7537621025650734,0.40414634146341466,508.0
hallpj01,3.7684756097560976,1.4210853658536586,0.5241706427900586,0.6779427919056162,-0.6070381231671554,-0.3372434017595308,-0.8064516129032258,-0.8973607038123167,-0.045454545454545414,-0.6598240469208212,0.6041055718475072,0.36363636363636354,-0.08797653958944285,-2.473607038123167,-0.09490094840801493,-0.755558278203913,0.3176341463414634,509.0
brissos01,9.148829268292683,4.306707317073171,0.4597330825292872,0.5811978788768508,-0.1348973607038123,0.011730205278592365,-0.4750733137829912,-0.26392961876832843,0.04398826979472137,-0.1348973607038123,0.0997067448680351,0.04985337243401755,-0.9178885630498533,-1.7214076246334313,-0.023226290305290952,-0.7586728658753304,0.4467560975609756,510.0
dennira01,5.370024390243902,0.655609756097561,0.3322932081384134,0.8097700398532978,-0.6539589442815249,-0.7419354838709677,-0.28739002932551316,-0.5219941348973607,-0.39882697947214074,-0.3460410557184751,0.5043988269794721,-0.7214076246334311,0.24633431085043989,-2.9208211143695015,-0.07791728210275911,-0.7608581402795845,0.26763414634146343,511.0
okanito01,7.590646341463414,1.0345487804878049,0.361545557930584,0.2171506606395805,-0.5190615835777126,-0.6363636363636364,-0.7917888563049853,-0.6979472140762464,-0.36950146627565983,-0.32551319648093846,0.8299120234604105,-0.7565982404692082,-0.9237536656891495,-4.190615835777127,-0.07801974766116183,-0.7613318124097603,0.1851219512195122,512.0
jonesda06,2.373170731707317,0.6168536585365855,0.5218325491723577,0.4849576525055001,-0.7536656891495601,-0.8299120234604106,-0.4164222873900293,-0.5278592375366569,-0.7976539589442815,-0.6099706744868035,0.7419354838709677,0.2785923753665689,-0.5190615835777126,-3.434017595307918,-0.10929735936360137,-0.7625772950931794,0.2293658536585366,513.0
breako01,3.378780487804878,0.2848658536585366,0.4388424104666491,1.0,-0.6744868035190617,-0.8709677419354839,-0.718475073313783,-0.9120234604105572,-0.9325513196480939,-0.18768328445747806,0.7976539589442815,-0.04985337243401755,0.2756598240469208,-3.2727272727272725,-0.11129543775245505,-0.7641412069414741,0.24170731707317072,514.0
boehebu01,1.8226463414634144,0.418890243902439,0.3554815639009352,0.6330140437058872,-0.8709677419354839,-0.9648093841642229,-0.9560117302052786,-0.9384164222873901,-0.8504398826979472,-0.5043988269794721,0.9809384164222874,-0.19354838709677424,-0.12609970674486803,-4.4237536656891505,-0.17290285474210876,-0.7746916404730805,0.1822439024390244,515.0
cainja01,7.424439024390244,2.53289024390244,0.4718513457422548,0.6745100477519798,-0.29618768328445744,-0.36070381231671556,-0.5747800586510263,-0.32258064516129037,-0.4134897360703812,-0.19354838709677424,0.4486803519061584,0.19941348973607043,-0.17595307917888559,-1.6891495601173019,-0.05132746969724531,-0.7759282020565653,0.4737560975609756,516.0
pickeja01,9.46348780487805,0.952939024390244,0.4320661611442684,0.6729751425390257,-0.21700879765395897,-0.3196480938416423,0.29325513196480935,-0.40175953079178883,-0.6158357771260997,0.09677419354838701,0.18768328445747806,-0.3079178885630498,-0.07917888563049857,-1.3636363636363638,-0.03395955754797903,-0.7796446443503602,0.5863414634146341,517.0
toppija01,1.5473414634146343,0.1085853658536585,0.5320313263311307,0.6999556182121972,-0.8651026392961877,-0.9266862170087976,-0.906158357771261,-0.9442815249266863,-0.7126099706744868,-0.6334310850439883,0.9589442815249267,0.2404692082111437,0.02052785923753664,-3.768328445747801,-0.16414204949867361,-0.7799107733542013,0.21639024390243902,518.0
tuckepj01,3.414634146341464,0.2282682926829268,0.4300172286963407,0.6606681121298057,-0.7008797653958945,-0.29325513196480935,-0.8387096774193549,-0.49266862170087977,-0.25513196480938416,-0.24926686217008798,0.7272727272727273,-0.09090909090909094,-0.05278592375366564,-2.2463343108504397,-0.09748820375768441,-0.7799787259940094,0.36297560975609755,519.0
sanogad01,2.584707317073171,0.8512682926829268,0.5373356489814598,0.5687185392183945,-0.7771260997067448,-0.5777126099706744,-0.9530791788856305,-0.9413489736070382,-0.9325513196480939,-0.906158357771261,0.81524926686217,0.3372434017595307,-0.43988269794721413,-4.375366568914956,-0.10627462539072019,-0.7808273288899571,0.18290243902439024,520.0
goldivl01,0.4539756097560976,0.1225853658536585,0.6440510566826572,1.0,-0.9589442815249267,-0.8856304985337243,-0.9149560117302052,-0.9736070381231672,-0.530791788856305,-0.906158357771261,0.8533724340175952,0.19061583577712615,0.14956011730205288,-3.9765395894428153,-0.18722241652889313,-0.7932612023200047,0.20934146341463414,521.0
harklej01,7.045329268292684,2.392634146341463,0.3402148323654493,0.655755725724714,-0.4750733137829912,-0.5395894428152492,-0.18768328445747806,0.10410557184750724,-0.5483870967741935,-0.24633431085043989,0.501466275659824,-0.81524926686217,-0.3372434017595308,-2.543988269794722,-0.04574309676429539,-0.7951122259237569,0.31826829268292683,522.0
proctty01,11.533609756097562,2.8412317073170734,0.4216800524902873,0.7842134804153386,-0.07331378299120239,-0.4105571847507331,0.08504398826979465,-0.06744868035190621,-0.9325513196480939,0.21700879765395897,-0.1407624633431085,-0.5278592375366569,0.5747800586510263,-1.275659824046921,-0.018128628774754057,-0.7980108936241767,0.6345853658536585,523.0
jonesma05,1.5310365853658536,0.5026341463414634,0.4377203072995093,0.6235089687464388,-0.873900293255132,-0.8621700879765396,-0.6568914956011731,-0.9237536656891495,-0.8357771260997068,-0.6510263929618768,0.9002932551319649,0.017595307917888547,-0.16129032258064513,-4.0469208211143695,-0.15438220506081163,-0.7980653562572246,0.20502439024390245,524.0
furphjo01,8.381560975609755,2.450256097560976,0.4515161480827216,0.538617095054764,-0.3108504398826979,0.12316715542521983,-0.2785923753665689,-0.09384164222873903,-0.029325513196480912,-0.1730205278592375,0.21407624633431088,-0.05278592375366564,-0.8797653958944281,-1.4809384164222874,-0.037571468481676,-0.7993084525119898,0.553780487804878,525.0
cartede01,13.124658536585368,4.626829268292683,0.4078847595929981,0.6361621922098967,-0.017595307917888547,-0.029325513196480912,0.1730205278592376,0.19061583577712615,-0.3079178885630498,-0.0058651026392961825,-0.0703812316715543,-0.7272727272727273,-0.7712609970674487,-1.565982404692082,0.029569088661726303,-0.7994491299504216,0.5010487804878049,526.0
baughda01,8.066304878048781,1.176,0.3285906856544148,0.7568912055306534,-0.5102639296187683,-0.5161290322580645,-0.008797653958944274,-0.2727272727272727,-0.7272727272727273,-0.4193548387096774,0.038123167155425186,-0.9002932551319648,0.25219941348973607,-3.064516129032258,-0.05606650177337246,-0.8014216299736963,0.26639024390243904,527.0
robinje01,8.447634146341464,2.011048780487805,0.4141043140687659,0.7340479211782134,-0.36070381231671556,0.04398826979472137,-0.3782991202346041,-0.39589442815249265,-0.49266862170087977,-0.29912023460410553,0.4193548387096775,-0.46920821114369504,0.281524926686217,-1.6510263929618767,-0.045768713153896017,-0.8048213869788501,0.5013658536585366,528.0
martija02,5.414329268292684,0.8406829268292685,0.4210623370068748,0.8023699716875884,-0.5835777126099706,-0.5190615835777126,-0.565982404692082,-0.4193548387096774,-0.9325513196480939,-0.5219941348973607,0.49560117302052786,-0.21994134897360706,0.29912023460410553,-2.967741935483871,-0.07089839135217056,-0.810127026268636,0.2796585365853658,529.0
jonescu01,2.5279390243902435,0.2961341463414634,0.4288669259890998,0.4746903169242178,-0.7917888563049853,-0.8504398826979472,-0.6715542521994136,-0.7126099706744868,-0.9325513196480939,-0.43401759530791784,0.903225806451613,-0.061583577712609916,-0.26392961876832843,-3.8152492668621694,-0.13601525371711853,-0.8102391196265041,0.22021951219512195,530.0
harpero01,3.418817073170732,0.5570975609756097,0.3086599932736627,0.766681242954352,-0.7448680351906158,-0.6568914956011731,-0.36950146627565983,-0.8563049853372434,-0.686217008797654,-0.4574780058651027,0.9178885630498534,-0.5894428152492668,0.1700879765395895,-3.2727272727272734,-0.10215038666500949,-0.8106623779656272,0.2556829268292683,531.0
manonch01,0.6072073170731708,0.4889756097560976,0.389667306372267,0.6555725283253113,-0.9706744868035191,-0.8826979472140762,-0.9208211143695014,-0.6598240469208212,-0.6598240469208212,-0.906158357771261,0.9560117302052786,0.0058651026392961825,-0.09384164222873903,-4.131964809384165,-0.18668447234727872,-0.8129202021289663,0.2060487804878049,532.0
etienty01,7.098426829268294,1.856878048780488,0.3677687068692499,0.737878965036347,-0.39882697947214074,-0.782991202346041,-0.3548387096774194,-0.5601173020527859,-0.8211143695014662,0.05278592375366564,0.4809384164222874,-0.7008797653958945,0.28445747800586507,-2.80058651026393,-0.058576907954239844,-0.8136411907731631,0.29673170731707316,533.0
pedulse01,1.671378048780488,0.0,0.3604050049868635,0.6894553197072522,-0.9032258064516129,-0.9706744868035191,-0.8035190615835777,-0.9736070381231672,-0.9325513196480939,-0.5542521994134897,0.9501466275659824,-0.15542521994134895,-0.004398826979472137,-4.347507331378299,-0.17797489988304488,-0.8213978890045651,0.197,534.0
robinor01,4.455841463414634,1.2413902439024391,0.4943434917989524,0.625730217409476,-0.5601173020527859,-0.36656891495601174,-0.3841642228739003,-0.5454545454545454,-0.4750733137829912,-0.49560117302052786,0.6187683284457477,0.28739002932551316,-0.33137829912023464,-2.252199413489736,-0.06272676306955124,-0.8287955008419821,0.37853658536585366,535.0
baldwpa01,4.691365853658537,0.9521707317073173,0.4273188902600309,0.6137733490170142,-0.5366568914956011,-0.4486803519061584,-0.7771260997067448,-0.6304985337243402,-0.12609970674486803,-0.18181818181818177,0.6392961876832846,-0.14369501466275658,-0.3020527859237536,-2.50733137829912,-0.08777959209902374,-0.831027518372433,0.34346341463414637,536.0
searsma01,1.392317073170732,1.180182926829268,0.4830612031156571,0.6756419578476682,-0.8328445747800587,-0.9824046920821115,-0.9428152492668622,-0.9736070381231672,-0.9325513196480939,-0.5278592375366569,0.7683284457478006,0.11143695014662747,-0.08504398826979476,-4.397360703812316,-0.16726724902995746,-0.8357013898472464,0.19756097560975608,537.0
mcveija01,1.633560975609756,0.0,0.3536345076748646,0.6894553197072522,-0.9120234604105572,-0.9413489736070382,-0.967741935483871,-0.9736070381231672,-0.6348973607038123,-0.5454545454545454,0.8973607038123168,-0.1700879765395894,-0.004398826979472137,-4.252199413489736,-0.17848722767505865,-0.8366013805990141,0.20536585365853657,538.0
youngja01,1.3405853658536584,0.3432560975609756,0.5047486035006155,1.0,-0.8856304985337243,-0.9618768328445748,-0.750733137829912,-0.9472140762463344,-0.9325513196480939,-0.6627565982404693,0.8944281524926687,0.15542521994134906,0.32551319648093835,-3.7653958944281536,-0.18004982744070058,-0.8404575865808881,0.23441463414634148,539.0
wisemja01,5.0177195121951215,1.924487804878049,0.562622628596286,0.7055609892550958,-0.4868035190615836,-0.4868035190615836,-0.7712609970674487,-0.9325513196480939,-0.36656891495601174,-0.8049853372434017,0.4076246334310851,0.5454545454545454,0.11730205278592365,-2.7785923753665696,-0.09241615861674823,-0.8478489370965716,0.3156341463414634,540.0
kelleky01,2.1315,0.9337317073170732,0.5928089639821185,0.564019878822735,-0.7712609970674487,-0.43401759530791784,-0.8709677419354839,-0.9090909090909091,-0.5513196480938416,-0.906158357771261,0.8064516129032258,0.40469208211143703,-0.501466275659824,-3.733137829912023,-0.11544529286776642,-0.8490106729619472,0.23468292682926828,541.0
cryerlj01,7.252426829268294,1.6630121951219514,0.407200058455378,0.7911858045764502,-0.35777126099706746,-0.7302052785923754,-0.5982404692082112,-0.841642228739003,-0.9325513196480939,0.15249266862170097,0.5073313782991202,-0.46627565982404695,0.4516129032258065,-2.81524926686217,-0.07141071914418438,-0.8495861064214592,0.3096341463414634,542.0
stevela01,8.929268292682927,1.9921829268292683,0.4538844529852347,0.6485592143380968,-0.23460410557184752,-0.23460410557184752,-0.6041055718475073,-0.4516129032258065,-0.06744868035190621,-0.33137829912023464,0.3812316715542523,-0.02346041055718473,-0.3460410557184751,-1.9120234604105573,-0.024763273681332132,-0.850786098324787,0.4508048780487805,543.0
fernabr01,5.233353658536585,2.110841463414634,0.5447714009819762,0.6176355705381706,-0.49560117302052786,-0.15249266862170086,-0.39002932551319647,-0.5571847507331378,0.3020527859237536,-0.906158357771261,0.2375366568914956,0.501466275659824,-0.5865102639296187,-2.0469208211143695,-0.06264991390074919,-0.855172364157675,0.4309756097560976,544.0
keelstr01,1.2664878048780488,0.0,0.323403520690984,0.6894553197072522,-0.9384164222873901,-0.9765395894428153,-0.9868035190615836,-0.9149560117302052,-0.9325513196480939,-0.6275659824046921,0.9809384164222874,-0.1671554252199413,-0.004398826979472137,-4.567448680351907,-0.19644431678514065,-0.8611944694851789,0.19702439024390242,545.0
holmeda01,3.996573170731708,1.1735243902439023,0.5065954121504329,0.6802925206454487,-0.5689149560117301,-0.6598240469208212,-0.530791788856305,-0.935483870967742,-0.25806451612903225,-0.2111436950146628,0.5395894428152492,0.313782991202346,-0.06451612903225812,-2.3753665689149557,-0.09797491516009749,-0.862631521532023,0.37878048780487805,546.0
umudest01,1.83459756097561,0.709048780487805,0.4086563585293567,0.6652963292644906,-0.8563049853372434,-0.9002932551319648,-0.8504398826979472,-0.6217008797653959,-0.5982404692082112,-0.6217008797653959,0.9061583577712611,-0.07917888563049857,-0.09677419354838712,-3.7184750733137824,-0.15699507680008168,-0.865526504518598,0.24302439024390246,547.0
bradlto01,5.205524390243903,1.6706951219512198,0.572250654250959,0.591168296400525,-0.4838709677419355,-0.2082111436950147,-0.7331378299120235,-0.8093841642228738,0.12903225806451624,-0.6686217008797655,0.5923753665689149,0.5923753665689149,-0.624633431085044,-2.214076246334311,-0.06316224169276291,-0.8683921833861353,0.4037317073170732,548.0
alexatr01,4.545475609756098,0.7110121951219512,0.4766170391516379,0.5684863875766963,-0.6480938416422287,-0.8240469208211143,-0.6275659824046921,-0.5395894428152492,-0.6715542521994136,-0.49266862170087977,0.7800586510263929,0.1759530791788857,-0.375366568914956,-3.2228739002932554,-0.11290927029729832,-0.869728157256918,0.2796585365853658,549.0
klintbo01,2.0674756097560976,0.3630609756097561,0.4351271628231816,0.3241114057511116,-0.8299120234604106,-0.7859237536656891,-0.6950146627565983,-0.7565982404692082,-0.8240469208211143,-0.5894428152492668,0.8181818181818181,-0.0058651026392961825,-0.533724340175953,-4.202346041055717,-0.1297648546545508,-0.8732210051134794,0.21441463414634146,550.0
mashaja01,10.43230487804878,2.2750853658536587,0.3958762188401437,0.5144320144921876,-0.2434017595307918,-0.25513196480938416,0.18181818181818188,0.346041055718475,0.18768328445747806,-0.2785923753665689,-0.3137829912023461,-0.7096774193548387,-0.8914956011730205,-1.9765395894428153,0.004541876021854476,-0.8758312839759171,0.44209756097560976,551.0
travelu01,2.714207317073171,0.6513414634146342,0.2889803714745524,1.0,-0.8768328445747801,-0.6744868035190617,-0.7478005865102639,-0.7155425219941349,-0.5571847507331378,-0.750733137829912,0.7038123167155426,-0.5483870967741935,0.4897360703812317,-3.6774193548387086,-0.14106168246845405,-0.8758954186078033,0.2476829268292683,552.0
topicni01,4.880195121951219,0.617280487804878,0.4415725561418978,0.438169462168002,-0.6334310850439883,-0.7565982404692082,0.14662756598240478,-0.5190615835777126,-0.9325513196480939,-0.4838709677419355,-0.11143695014662758,-0.07624633431085048,-0.5982404692082112,-3.964809384164223,-0.009393439920919629,-0.8828295440431823,0.22319512195121952,553.0
kellymi01,3.806548780487805,0.1001341463414634,0.3848950673923896,1.0,-0.7243401759530792,-0.6979472140762464,-0.6510263929618768,-0.718475073313783,-0.8093841642228738,-0.3841642228739003,0.7478005865102639,-0.33137829912023464,0.12023460410557174,-3.4486803519061593,-0.11337036531011072,-0.8829623071832562,0.26473170731707313,554.0
salauti01,10.293158536585368,3.328756097560976,0.4271571434921309,0.616464704569658,-0.10850439882697949,0.2785923753665689,-0.29912023460410553,-0.21407624633431088,-0.1730205278592375,0.12903225806451624,0.08797653958944274,-0.407624633431085,-0.7683284457478006,-1.4750733137829912,-0.030296413835080832,-0.883146308938891,0.6112682926829268,555.0
mcculke01,2.663756097560976,0.6705487804878049,0.4098165703867969,0.6457174657631574,-0.8064516129032258,-0.6334310850439883,-0.6422287390029325,-0.6539589442815249,-0.7008797653958945,-0.5982404692082112,0.7595307917888563,-0.12316715542521994,-0.1378299120234604,-3.5366568914956007,-0.11293488668689898,-0.8861594613421937,0.25882926829268293,556.0
sallihu01,0.7021341463414635,0.3923414634146341,0.5504639717291536,0.5015617433119519,-0.9560117302052786,-0.9853372434017595,-0.8357771260997068,-0.9736070381231672,-0.7302052785923754,-0.906158357771261,0.686217008797654,0.16422287390029333,-0.3079178885630498,-4.844574780058651,-0.1882470721129206,-0.9000340752553638,0.19329268292682927,557.0
chomcul01,0.5964512195121952,0.352390243902439,0.4425247692406499,0.4871281755657318,-0.9736070381231672,-0.8768328445747801,-0.9325513196480939,-0.9736070381231672,-0.7448680351906158,-0.906158357771261,0.8797653958944283,0.04398826979472137,-0.29032258064516125,-4.774193548387097,-0.1954196612011132,-0.901683423539991,0.1969268292682927,558.0
ruperra01,13.007878048780489,3.134548780487805,0.3899541279338559,0.6754115756088748,-0.06451612903225812,0.09677419354838701,-0.02639296187683282,0.2375366568914956,-0.39589442815249265,0.04398826979472137,-0.19061583577712615,-0.844574780058651,-0.19941348973607043,-1.3431085043988273,-0.005243584805608212,-0.9073987240011766,0.6782439024390244,559.0
livinch01,2.2481951219512197,0.6609878048780488,0.5035755102786925,0.7163460579400719,-0.8123167155425219,-0.7536656891495601,-0.873900293255132,-0.7536656891495601,-0.9325513196480939,-0.7888563049853372,0.8768328445747802,0.22580645161290325,0.07624633431085037,-3.736070381231672,-0.14882344851746235,-0.9108107455989005,0.25390243902439025,560.0
nowelja01,10.391414634146342,1.5744878048780488,0.4011981118060862,0.6264823202974931,-0.2375366568914956,-0.5278592375366569,-0.21700879765395897,-0.6920821114369502,-0.2756598240469208,-0.28739002932551316,0.42815249266862176,-0.6715542521994136,-0.4193548387096774,-2.9002932551319645,-0.036521196508047825,-0.9181532612344241,0.320609756097561,561.0
cuiyo01,1.5989878048780488,0.4894024390243902,0.2250142464945332,0.4908022496107628,-0.9765395894428153,-0.9501466275659824,-0.9868035190615836,-0.9736070381231672,-0.9325513196480939,-0.906158357771261,0.9809384164222874,-0.4574780058651027,-0.4134897360703812,-5.6158357771261,-0.20871456740387007,-0.9196062486681246,0.1700731707317073,562.0
willije02,5.113670731707318,0.9108536585365856,0.5192927943807963,0.5715927435112806,-0.5483870967741935,-0.7448680351906158,-0.6627565982404693,-0.5483870967741935,-0.4897360703812317,-0.5835777126099706,0.533724340175953,0.4193548387096775,-0.46041055718475077,-3.0850439882697946,-0.09446546978480322,-0.9213899474512783,0.30809756097560975,563.0
greenje01,7.5798902439024385,2.195609756097561,0.4614251352030354,0.7030400838567098,-0.3372434017595308,-0.46920821114369504,-0.5161290322580645,-0.7214076246334311,-0.32551319648093846,-0.11143695014662758,0.563049853372434,0.07917888563049846,0.11143695014662747,-1.7272727272727275,-0.0738955089354511,-0.9223425301904924,0.5578536585365854,564.0
vincega01,11.613768292682929,1.4787926829268294,0.3772975711706297,0.6891817821171539,-0.12316715542521994,-0.5747800586510263,0.09090909090909083,0.1730205278592376,-0.5894428152492668,0.2785923753665689,0.1759530791788857,-0.8709677419354839,-0.02639296187683282,-1.466275659824047,-0.05540047564375464,-0.9270138191861681,0.6570487804878049,565.0
castlco01,2.2980487804878047,0.9196463414634146,0.4650379672793439,0.715281518754815,-0.8005865102639296,-0.5571847507331378,-0.7947214076246334,-0.7478005865102639,-0.6568914956011731,-0.7741935483870968,0.595307917888563,0.08504398826979465,0.0997067448680351,-3.5513196480938425,-0.11239694250528456,-0.9277542450369523,0.26978048780487807,566.0
timmedr01,6.29709756097561,1.1353658536585367,0.4781513246794825,0.5657586206092837,-0.46041055718475077,-0.3870967741935484,-0.43108504398826974,-0.5835777126099706,-0.8299120234604106,-0.407624633431085,0.4516129032258065,0.2434017595307918,-0.5542521994134897,-2.9589442815249263,-0.03857050767610283,-0.928393945569404,0.31790243902439025,567.0
smithty01,4.814036585365853,0.7657317073170732,0.4376477730427264,0.6195559127430046,-0.5454545454545454,-0.565982404692082,-0.8475073313782991,-0.6436950146627566,-0.6979472140762464,-0.25806451612903225,0.6319648093841643,-0.1026392961876833,-0.22580645161290325,-3.255131964809384,-0.07599605288270746,-0.933813019203243,0.29373170731707315,568.0
martity01,13.40730487804878,2.0174512195121954,0.4076907014399753,0.6541798599044839,-0.035190615835777095,-0.06744868035190621,-0.011730205278592365,-0.15835777126099704,-0.46334310850439886,0.24926686217008798,-0.04105571847507328,-0.7331378299120235,-0.28739002932551316,-1.5483870967741935,-0.0016829066511126285,-0.9342470553267829,0.6040243902439024,569.0
martico01,5.9854268292682935,2.035719512195122,0.3775924895495402,0.557694293208988,-0.563049853372434,-0.24633431085043989,-0.2756598240469208,-0.011730205278592365,0.10850439882697938,-0.4428152492668622,0.19354838709677424,-0.565982404692082,-0.7888563049853372,-2.592375366568915,-0.04374501837544174,-0.9363419252399583,0.367390243902439,570.0
watsoan02,0.9356951219512196,0.0,0.4621956376708031,0.6894553197072522,-0.967741935483871,-0.9736070381231672,-0.9501466275659824,-0.9032258064516129,-0.9325513196480939,-0.906158357771261,0.8885630498533725,0.07038123167155419,-0.004398826979472137,-4.6788856304985345,-0.20051732273165002,-0.9366343472951472,0.20914634146341463,571.0
crowdja01,4.805585365853659,1.4522439024390243,0.4106000218553972,0.6862000034196111,-0.5513196480938416,-0.4369501466275659,-0.5513196480938416,-0.4809384164222874,-0.6920821114369502,-0.2668621700879765,0.6510263929618769,-0.2727272727272727,-0.038123167155425186,-2.639296187683284,-0.07853207545317557,-0.9395505985433541,0.36690243902439024,572.0
kawamyu01,3.871341463414635,1.4740121951219511,0.3643367806223807,0.7675205976529771,-0.6686217008797655,-0.6803519061583578,-0.1348973607038123,-0.6099706744868035,-0.9325513196480939,-0.3812316715542522,0.5249266862170088,-0.4486803519061584,0.35777126099706735,-2.973607038123167,-0.0995631313153401,-0.9421256123779804,0.3278048780487805,573.0
swideco01,4.588756097560976,0.1551951219512195,0.3629083831210579,0.4871584546889425,-0.6656891495601174,-0.6950146627565983,-0.8093841642228738,-0.8489736070381232,-0.7712609970674487,-0.21994134897360706,0.7214076246334311,-0.530791788856305,-0.15249266862170086,-3.9721407624633422,-0.1061977762219182,-0.9450816231975071,0.24446341463414634,574.0
shulgma01,0.9998048780487806,0.338219512195122,0.3448294528201697,1.0,-0.9530791788856305,-0.9149560117302052,-0.935483870967742,-0.8944281524926686,-0.9325513196480939,-0.7067448680351907,0.8269794721407624,-0.11436950146627567,0.32258064516129026,-4.302052785923754,-0.1867100887368794,-0.945525078231716,0.22975609756097562,575.0
moorewe01,2.518207317073171,0.6422073170731708,0.4935852887229467,0.7024125110797825,-0.7800586510263929,-0.7155425219941349,-0.6451612903225806,-0.5689149560117301,-0.4809384164222874,-0.6832844574780059,0.7243401759530792,0.19354838709677424,0.05278592375366564,-2.903225806451613,-0.13442703756187593,-0.94659152057384,0.3418780487804878,576.0
evbuoto01,4.01919512195122,1.2560731707317072,0.4656714467943893,0.5997984426347721,-0.7155425219941349,-0.343108504398827,-0.7653958944281525,-0.7272727272727273,-0.6627565982404693,-0.5425219941348973,0.6979472140762464,0.09384164222873892,-0.4809384164222874,-3.4457478005865103,-0.0749457809090792,-0.9498262373983748,0.2817804878048781,577.0
gibsota01,3.2500487804878047,1.0949024390243904,0.4757572704306298,0.6746895556879902,-0.7096774193548387,-0.4574780058651027,-0.6832844574780059,-0.7683284457478006,-0.2375366568914956,-0.6422287390029325,0.7155425219941349,0.1407624633431086,-0.08211143695014667,-2.7243401759530794,-0.1174946040358214,-0.9499726753662378,0.36441463414634145,578.0
houstca01,5.967585365853659,1.0270365853658536,0.4396910316686648,0.7654312808206766,-0.4134897360703812,-0.5953079178885631,-0.6334310850439883,-0.46627565982404695,-0.5923753665689149,0.13196480938416433,0.6158357771260996,-0.11730205278592376,0.2404692082111437,-1.82991202346041,-0.08521795313895503,-0.9530710510485274,0.5462682926829268,579.0
phillju01,7.599012195121952,2.327670731707317,0.4475985352555199,0.672806399257475,-0.3489736070381232,-0.39589442815249265,-0.6304985337243402,-0.11436950146627567,-0.09384164222873903,-0.14662756598240467,0.5601173020527859,-0.08504398826979476,-0.18181818181818177,-1.4369501466275656,-0.08519233674935428,-0.9535167712070182,0.705390243902439,580.0
peterdr01,2.1900609756097564,0.4103536585365854,0.3587667978933508,0.5576842650043007,-0.8533724340175953,-0.8211143695014662,-0.8563049853372434,-0.6832844574780059,-0.7683284457478006,-0.5161290322580645,0.8914956011730206,-0.2404692082111437,-0.22873900293255134,-4.0762463343108495,-0.1574817882024948,-0.9547448549043014,0.24363414634146344,581.0
maluakh01,6.267304878048781,2.087536585365854,0.5266151271378806,0.6164910585894594,-0.42521994134897356,0.15835777126099715,-0.8768328445747801,-0.7947214076246334,0.7360703812316716,-0.5923753665689149,0.24633431085043989,0.4868035190615836,-0.5894428152492668,-1.6510263929618765,-0.04984171910040541,-0.9597344721986744,0.599390243902439,582.0
bouyeja01,5.99959756097561,1.5305243902439023,0.4528068690405066,0.5867614062560097,-0.501466275659824,-0.6099706744868035,-0.1671554252199413,-0.33137829912023464,-0.20234604105571852,-0.4868035190615836,0.11143695014662747,0.0029325513196480912,-0.6011730205278593,-2.785923753665689,-0.0563995148381815,-0.9608591058292052,0.3520243902439024,583.0
hoodsja01,6.553280487804878,2.1100731707317077,0.3627488853817767,0.6933411185378625,-0.5131964809384164,-0.7126099706744868,-0.29618768328445744,-0.6950146627565983,-0.32844574780058655,-0.40175953079178883,0.32258064516129026,-0.6950146627565983,0.04985337243401755,-3.2697947214076253,-0.07696947568753364,-0.9624421271184053,0.3014390243902439,584.0
diawamo01,11.188817073170732,1.7655365853658536,0.4396041691281023,0.6587199553278952,-0.1055718475073314,-0.2052785923753666,-0.10850439882697949,-0.343108504398827,-0.35777126099706746,0.25513196480938416,0.12609970674486815,-0.24926686217008798,-0.23167155425219943,-1.219941348973607,-0.054427052838928514,-0.9706744184345057,0.832829268292683,585.0
reevean01,5.99848780487805,0.7983414634146342,0.476679492227492,0.6227418169779161,-0.4369501466275659,-0.6920821114369502,-0.6656891495601174,-0.6392961876832844,-0.8269794721407624,-0.032258064516129004,0.6832844574780059,0.22873900293255134,-0.21994134897360706,-2.6011730205278587,-0.05803896377262549,-0.9730279011785206,0.382609756097561,586.0
bridgja01,0.7241585365853659,0.5559024390243903,0.3651344854252852,0.6623260681786255,-0.9501466275659824,-0.9442815249266863,-0.9868035190615836,-0.9736070381231672,-0.9325513196480939,-0.6656891495601174,0.7653958944281525,-0.035190615835777095,-0.07624633431085048,-4.799120234604105,-0.1938570614354712,-0.976203469219722,0.21197560975609758,587.0
klebima01,5.035475609756099,1.8756585365853664,0.4374773608042266,0.589511739644562,-0.5249266862170088,-0.2111436950146628,-0.28445747800586507,-0.4046920821114369,0.2404692082111437,-0.36070381231671556,0.39882697947214085,-0.1055718475073314,-0.6920821114369502,-1.944281524926686,-0.08616575955418052,-0.9805866052528025,0.5277317073170732,588.0
paytoel01,6.741426829268294,0.6959024390243903,0.3400764102134645,0.5372787074660055,-0.6392961876832844,-0.29618768328445744,0.7038123167155426,-0.06451612903225812,-0.032258064516129004,-0.7536656891495601,-0.3841642228739003,-0.7917888563049853,-0.4457478005865103,-2.7038123167155423,-0.012364941114599464,-0.9833629679634664,0.3653658536585366,589.0
crawfis01,1.8837682926829271,0.7253536585365854,0.4529140171057552,0.6489730582275772,-0.8387096774193549,-0.8035190615835777,-0.9002932551319648,-0.8489736070381232,-0.49853372434017595,-0.6803519061583578,0.8504398826979471,0.038123167155425186,-0.1407624633431085,-3.82258064516129,-0.15394672643759988,-0.9864151297563404,0.26887804878048777,590.0
tateja01,7.706146341463415,2.1467804878048784,0.4884286856603609,0.6112686728995338,-0.33431085043988273,-0.1348973607038123,-0.22580645161290325,-0.16129032258064513,-0.343108504398827,-0.39589442815249265,0.26392961876832843,0.35190615835777117,-0.6422287390029325,-1.6217008797653958,-0.06782442460008804,-0.9883412243366072,0.6360487804878049,591.0
nancepe01,5.989865853658537,0.7809268292682927,0.472799926334129,0.3872376994852637,-0.49266862170087977,-0.4193548387096774,-0.49560117302052786,-0.5894428152492668,-0.3782991202346041,-0.09090909090909094,0.5175953079178885,0.1788856304985338,-0.7478005865102639,-2.5175953079178885,-0.05703992457819865,-0.9900434672915822,0.4023658536585366,592.0
brownmo01,4.650560975609756,2.1102439024390245,0.6105232356733777,0.4882340368518411,-0.49853372434017595,-0.19941348973607043,-0.8856304985337243,-0.5982404692082112,-0.22287390029325516,-0.906158357771261,0.4868035190615836,0.6275659824046922,-0.9032258064516129,-3.099706744868035,-0.06264991390074923,-0.9906731233501581,0.3261951219512195,593.0
millspa02,6.99889024390244,1.3128414634146344,0.3930672151383354,0.8247378434576434,-0.42815249266862165,-0.7390029325513197,-0.3460410557184751,-0.3167155425219942,-0.7390029325513197,-0.02639296187683282,0.3900293255131966,-0.5542521994134897,0.46627565982404695,-2.2932551319648096,-0.07753303625874873,-0.992049036850638,0.4477317073170732,594.0
johnsja01,1.3986341463414635,0.3242195121951219,0.4244254044419067,0.5388300779286074,-0.9296187683284457,-0.9032258064516129,-0.8123167155425219,-0.7712609970674487,-0.6275659824046921,-0.7800586510263929,0.7624633431085044,0.0,-0.21407624633431088,-4.275659824046921,-0.16826628822438428,-0.9965939242527463,0.24263414634146344,595.0
batesem01,4.50859756097561,0.2124756097560975,0.3485188450903873,0.3506950453197918,-0.6627565982404693,-0.8387096774193549,-0.7155425219941349,-0.9002932551319648,-0.7155425219941349,-0.18475073313782986,0.6891495601173021,-0.5777126099706744,-0.29912023460410553,-4.205278592375366,-0.09482409923921299,-1.0012465615353845,0.24358536585365853,596.0
bufkiko01,3.948768292682927,1.1952926829268296,0.3759772815452179,0.6538764229552873,-0.7126099706744868,-0.8064516129032258,-0.5953079178885631,-0.8299120234604106,-0.5249266862170088,-0.5483870967741935,0.7067448680351907,-0.39589442815249265,-0.19648093841642233,-3.903225806451613,-0.12415486533200021,-1.015003151307541,0.26858536585365855,597.0
keybr01,1.2674268292682926,1.461890243902439,0.3169139273519094,0.5468191817377163,-0.9002932551319648,-0.8885630498533724,-0.9472140762463344,-0.686217008797654,-0.8621700879765396,-0.7653958944281525,0.9120234604105573,-0.17888563049853368,-0.7214076246334311,-5.038123167155426,-0.17800051627264557,-1.0164768714956058,0.20914634146341463,598.0
mcneeli01,5.049560975609756,2.459817073170732,0.4172476062904197,0.7240105952853514,-0.4780058651026393,-0.39002932551319647,-0.533724340175953,-0.7888563049853372,-0.6950146627565983,-0.1700879765395894,0.5806451612903225,-0.23460410557184752,0.2668621700879765,-2.4428152492668627,-0.09951189853613876,-1.029910399516284,0.4395121951219512,599.0
micicva01,15.054439024390245,3.032963414634146,0.3839789037898639,0.7219792499420387,0.02639296187683282,-0.2668621700879765,0.6422287390029326,-0.22287390029325516,-0.8035190615835777,0.19354838709677424,-0.5953079178885631,-0.9208211143695014,0.3079178885630498,-1.6392961876832846,0.02339553876796057,-1.0308283169430292,0.6199756097560976,600.0
tillmxa01,6.409695121951219,1.2680243902439023,0.4481204435080514,0.4928099886554054,-0.5219941348973607,-0.18181818181818177,-0.43401759530791784,-0.07624633431085048,0.12023460410557174,-0.5073313782991202,0.3870967741935485,-0.055718475073313734,-0.7741935483870968,-2.0439882697947214,-0.06259868112154787,-1.031675730219388,0.5206829268292683,601.0
armeltr01,1.7705731707317076,0.9224634146341464,0.3552576265951613,0.381150047548022,-0.9237536656891495,-0.7947214076246334,-0.9736070381231672,-0.7390029325513197,-0.6656891495601174,-0.906158357771261,0.8211143695014662,-0.18475073313782986,-0.7976539589442815,-5.164222873900293,-0.16926532741881112,-1.0317633039305285,0.2065609756097561,602.0
morrimo01,6.514951219512195,1.5041463414634146,0.4246402774723194,0.6217834888833824,-0.4809384164222874,-0.6422287390029325,-0.09090909090909094,-0.5161290322580645,-0.5102639296187683,-0.3167155425219942,0.6451612903225807,-0.25219941348973607,-0.43401759530791784,-2.598240469208211,-0.08575589732056943,-1.0331213999378965,0.41119512195121954,603.0
josepco01,7.541048780487806,1.4279146341463416,0.4155609776864967,0.6398313732253645,-0.3870967741935484,-0.46334310850439886,0.14956011730205288,-0.29032258064516125,-0.5865102639296187,0.011730205278592365,0.3665689149560116,-0.40175953079178883,-0.281524926686217,-1.8826979472140761,-0.07289646974102423,-1.0391791800651364,0.5741951219512196,604.0
mclaujo01,5.23429268292683,1.1373292682926828,0.4524003153322675,0.6713635563846073,-0.5161290322580645,-0.6480938416422287,0.02346041055718473,-0.09090909090909094,-0.7360703812316716,-0.15835777126099704,0.4222873900293256,0.011730205278592365,-0.10850439882697949,-1.8005865102639294,-0.093338348642373,-1.0409216962003822,0.6097073170731707,605.0
yurtsom01,4.491695121951219,2.155231707317073,0.4887212760680987,0.6153920770040677,-0.5395894428152492,-0.25806451612903225,-0.6158357771260997,-0.7976539589442815,-0.42521994134897356,-0.6920821114369502,0.4134897360703813,0.26392961876832843,-0.6129032258064516,-3.2639296187683278,-0.06628744122404677,-1.0427433149699277,0.3260975609756097,606.0
flynnma01,7.49239024390244,2.6118536585365857,0.4046444249223627,0.7024280219950781,-0.36363636363636365,-0.49266862170087977,-0.04105571847507328,-0.13196480938416422,-0.8064516129032258,-0.2727272727272727,0.1788856304985338,-0.49560117302052786,0.12903225806451624,-2.296187683284457,-0.04676775234832288,-1.0578857343490375,0.47029268292682924,607.0
mcderdo01,11.074426829268294,1.150817073170732,0.4260741505252743,0.6697898274577451,-0.07624633431085048,-0.5865102639296187,-0.3870967741935484,-0.5777126099706744,-0.6304985337243402,0.5073313782991202,0.43988269794721413,-0.46334310850439886,-0.12316715542521994,-1.8973607038123164,-0.04925254213958963,-1.058470142741438,0.5727317073170731,608.0
jonesco01,3.985560975609757,0.8032073170731707,0.413713929625527,0.5551568192957418,-0.7067448680351907,-0.4428152492668622,-0.39589442815249265,-0.6436950146627566,-0.6217008797653959,-0.6363636363636364,0.7947214076246334,-0.18181818181818177,-0.46334310850439886,-3.2976539589442813,-0.1041484650538632,-1.059153358681022,0.33165853658536587,609.0
inglejo01,4.351353658536587,0.6020853658536586,0.4608086956429733,0.6862985923682565,-0.5953079178885631,-0.6158357771260997,0.12023460410557174,-0.39002932551319647,-0.7771260997067448,-0.2375366568914956,0.1700879765395895,0.07331378299120228,-0.032258064516129004,-2.284457478005865,-0.07292208613062497,-1.059864851584307,0.4792439024390244,610.0
doziepj01,1.0966951219512198,0.964719512195122,0.4633358473329042,0.2875093302130548,-0.9266862170087976,-0.8973607038123167,-0.7419354838709677,-0.8064516129032258,-0.8592375366568915,-0.6451612903225806,0.8856304985337244,0.07624633431085037,-0.8885630498533724,-4.803519061583578,-0.16772834404276987,-1.0617091423831266,0.22902439024390245,611.0
quinole01,6.726146341463415,1.8620000000000003,0.4055320670569554,0.671632761709862,-0.43988269794721413,-0.6392961876832844,-0.3108504398826979,-0.7360703812316716,-0.7478005865102639,-0.16129032258064513,0.2404692082111437,-0.4428152492668622,-0.16422287390029322,-3.401759530791789,-0.04610172621870518,-1.0652985849834942,0.31746341463414635,612.0
lawsoaj01,6.817658536585367,2.1882682926829267,0.432362645902913,0.6097987395125677,-0.3812316715542522,-0.47214076246334313,-0.6011730205278593,-0.4574780058651027,-0.4574780058651027,-0.13196480938416422,0.653958944281525,-0.19061583577712615,-0.6598240469208212,-2.6979472140762466,-0.047818024321951036,-1.066450768335515,0.40241463414634143,613.0
hardyja01,19.532646341463412,4.354085365853659,0.4327593000157771,0.6669958107043796,0.3372434017595307,-0.28739002932551316,0.04692082111436946,-0.2082111436950147,-0.4838709677419355,0.5865102639296187,-0.39589442815249265,-0.6099706744868035,-0.4164222873900293,-1.4310850439882699,0.03028634757054533,-1.0714347324453166,0.7331707317073171,614.0
thorjt01,6.964914634146342,2.038792682926829,0.4437913547745699,0.5933407919076,-0.43108504398826974,-0.1700879765395894,-0.6187683284457478,-0.35777126099706746,0.2785923753665689,-0.3196480938416423,0.43695014662756604,-0.10850439882697949,-0.7008797653958945,-1.9912023460410555,-0.07901878685558861,-1.0716156497415728,0.5604146341463415,615.0
sprinja01,5.626719512195122,2.1266341463414635,0.4351333074993924,0.6639212611049797,-0.5073313782991202,-0.5454545454545454,-0.375366568914956,0.02639296187683282,-0.28445747800586507,-0.46920821114369504,0.4428152492668622,-0.1348973607038123,-0.23460410557184752,-2.0821114369501466,-0.08573028093096878,-1.0736148319284597,0.5377804878048781,616.0
cancavl01,3.863487804878049,0.474719512195122,0.4398446969136812,0.6491970117803407,-0.6920821114369502,-0.3724340175953079,-0.5102639296187683,-0.6158357771260997,-0.47214076246334313,-0.42815249266862165,0.3372434017595307,-0.058651026392961825,-0.09970674486803521,-2.9120234604105573,-0.07848084267397414,-1.0761933083754653,0.3798048780487805,617.0
duartch01,6.040829268292683,1.9797195121951217,0.4161383444412311,0.691230372121955,-0.4428152492668622,-0.4457478005865103,-0.4134897360703812,-0.5542521994134897,-0.6744868035190617,-0.15542521994134895,0.6627565982404693,-0.3049853372434017,0.035190615835777095,-2.293255131964809,-0.0739723581042531,-1.08225218976995,0.48765853658536584,618.0
spencpa01,10.861268292682926,1.5266829268292683,0.4337663430441473,0.6320328135079474,-0.17595307917888559,-0.19648093841642233,0.501466275659824,-0.25219941348973607,-0.7214076246334311,-0.26099706744868034,-0.08211143695014667,-0.33431085043988273,-0.3841642228739003,-1.906158357771261,-0.016975891242723265,-1.082501553320852,0.573,619.0
saricda01,4.759231707317073,1.4597560975609756,0.4114439052942935,0.72661346572006,-0.6011730205278593,-0.33137829912023464,-0.36070381231671556,-0.7067448680351907,-0.7917888563049853,-0.3870967741935484,0.3108504398826979,-0.25513196480938416,0.19061583577712615,-2.932551319648094,-0.07392112532505181,-1.0860005830920902,0.37990243902439025,620.0
biyombi01,3.996317073170733,1.827939024390244,0.5634375818658598,0.4781874884134749,-0.6041055718475073,-0.09677419354838712,-0.5190615835777126,-0.4868035190615836,0.26099706744868034,-0.906158357771261,0.29325513196480935,0.4838709677419355,-0.8856304985337243,-2.4604105571847508,-0.06472484145840492,-1.0867064131970385,0.45360975609756093,621.0
beaucma01,8.486560975609759,2.171280487804878,0.4392967606783387,0.6237229549122005,-0.28445747800586507,-0.3049853372434017,-0.4545454545454546,-0.3812316715542522,-0.4516129032258065,-0.06744868035190621,0.14956011730205288,-0.1730205278592375,-0.5571847507331378,-2.5249266862170088,-0.048791447126777195,-1.0908885566752888,0.44056097560975604,622.0
ducasal01,2.165134146341464,0.2649756097560976,0.4340512717885511,1.0,-0.8093841642228738,-0.6774193548387097,-0.8826979472140762,-0.6891495601173021,-0.9325513196480939,-0.4105571847507331,0.8445747800586509,-0.017595307917888547,0.26099706744868034,-3.3137829912023458,-0.14472482618135235,-1.0937115374401722,0.3451219512195122,623.0
davisjd01,3.165707317073171,1.003048780487805,0.4089019633207175,0.6114656522550959,-0.7478005865102639,-0.7243401759530792,-0.40175953079178883,-0.7448680351906158,-0.5835777126099706,-0.5395894428152492,0.6568914956011731,-0.14956011730205276,-0.32844574780058655,-3.563049853372434,-0.1216188427615321,-1.0958859335252669,0.3184390243902439,624.0
washity01,2.949646341463415,0.3239634146341463,0.3919937841190259,0.5012951582060388,-0.8035190615835777,-0.873900293255132,-0.5689149560117301,-0.6334310850439883,-0.7800586510263929,-0.5953079178885631,0.8328445747800586,-0.2052785923753666,-0.25219941348973607,-3.8797653958944274,-0.14213757083168288,-1.0998653587654148,0.2942682926829268,625.0
howarje01,9.65718292682927,1.6618170731707318,0.4024868526806021,0.7165718261822217,-0.19354838709677424,-0.5219941348973607,-0.36363636363636365,-0.5718475073313782,-0.22873900293255134,0.09384164222873892,0.40469208211143703,-0.6334310850439883,0.1730205278592376,-1.8416422287390029,-0.06779880821048744,-1.101340441779851,0.6208780487804878,626.0
william01,1.8585853658536584,1.364231707317073,0.500538142431443,0.6324315675461671,-0.8357771260997068,-0.530791788856305,-0.7800586510263929,-0.8357771260997068,0.09090909090909083,-0.906158357771261,0.5483870967741935,0.18181818181818188,-0.32551319648093846,-3.3929618768328447,-0.12571746509764212,-1.1020176334118565,0.3372926829268293,627.0
smithni01,13.448109756097562,1.634073170731707,0.4054908930143794,0.729208388396291,-0.0058651026392961825,-0.5601173020527859,-0.058651026392961825,-0.501466275659824,-0.5689149560117301,0.313782991202346,0.02052785923753664,-0.7536656891495601,0.21700879765395897,-1.8973607038123166,-0.016002468437897082,-1.1030265673641535,0.5862926829268292,628.0
fultzma01,6.519987804878049,0.7590731707317073,0.4243450099429391,0.6190696265041592,-0.5747800586510263,-0.7038123167155426,-0.014662756598240456,-0.2434017595307918,-0.624633431085044,-0.6568914956011731,0.12903225806451624,-0.26392961876832843,-0.22287390029325516,-3.1759530791788855,-0.06674853623685921,-1.1100618560874482,0.3570243902439024,629.0
morrima02,5.647292682926829,0.6826707317073172,0.3422978665686247,0.7466158595451998,-0.6275659824046921,-0.6129032258064516,-0.4369501466275659,-0.782991202346041,-0.6041055718475073,-0.3489736070381232,0.6217008797653958,-0.7067448680351907,0.15835777126099715,-3.3401759530791786,-0.10320065863863766,-1.1115457358641068,0.34339024390243905,630.0
wongis01,5.664963414634147,1.0949878048780488,0.3777085561598082,0.612378500429216,-0.6422287390029325,-0.8651026392961877,-0.7565982404692082,-0.8035190615835777,-0.9325513196480939,-0.5777126099706744,0.7565982404692082,-0.5513196480938416,-0.36363636363636365,-4.736070381231672,-0.12879143184972466,-1.1187821760986991,0.24282926829268292,631.0
cissosi01,8.43969512195122,3.105951219512195,0.4327629096143516,0.596121041286353,-0.2697947214076246,-0.21994134897360706,-0.038123167155425186,-0.11143695014662758,-0.0703812316715543,-0.21700879765395897,-0.029325513196480912,-0.25806451612903225,-0.8064516129032258,-2.0205278592375366,-0.04013310744174468,-1.1335586350035036,0.572390243902439,632.0
kolekty01,9.532634146341463,1.6612195121951223,0.4231421545670546,0.6402606434054612,-0.2727272727272727,-0.407624633431085,0.563049853372434,-0.19061583577712615,-0.5718475073313782,-0.014662756598240456,-0.07331378299120239,-0.42228739002932547,-0.3519061583577713,-1.741935483870968,-0.03593201954723201,-1.1451860328077526,0.6712682926829268,633.0
liveris01,5.17590243902439,1.2045975609756097,0.3969671338221629,0.6396751044507173,-0.5777126099706744,-0.46627565982404695,-0.5395894428152492,-0.3519061583577713,-0.18768328445747806,-0.26392961876832843,0.5102639296187683,-0.3812316715542522,-0.2434017595307918,-2.5014662756598236,-0.08882986407265195,-1.1459434507133799,0.47497560975609754,634.0
richaja01,9.837731707317074,2.685439024390244,0.4792398332343044,0.6387174174643329,-0.11730205278592376,-0.46041055718475077,-0.09970674486803521,-0.21700879765395897,-0.8181818181818181,-0.07917888563049857,0.28445747800586507,0.32258064516129026,-0.5454545454545454,-1.7302052785923756,-0.06167649109592308,-1.146889714371342,0.6873658536585365,635.0
jemistr01,3.333707317073171,0.9362073170731708,0.542435797568093,0.5648937330544379,-0.686217008797654,-0.3401759530791789,-0.6774193548387097,-0.7419354838709677,0.0,-0.906158357771261,0.19648093841642233,0.39296187683284467,-0.49266862170087977,-3.255131964809384,-0.08619137594378118,-1.1504027249920885,0.36302439024390243,636.0
olbrila01,4.977853658536586,2.892963414634147,0.4699280822564063,0.4249926399106128,-0.5865102639296187,0.04692082111436946,-0.14956011730205276,-0.43401759530791784,-0.11436950146627567,-0.7096774193548387,0.43401759530791795,0.1378299120234605,-0.967741935483871,-2.3431085043988267,-0.0442061133882541,-1.1513015315760995,0.5008048780487805,637.0
leonsma01,2.775329268292683,2.247256097560976,0.4352850345549084,0.6131264463491011,-0.7683284457478006,-0.6070381231671554,-0.624633431085044,-0.6627565982404693,-0.5190615835777126,-0.7155425219941349,0.5894428152492668,-0.04105571847507328,-0.6510263929618768,-4.0,-0.12261788195595896,-1.1545141682215037,0.2977560975609756,638.0
lenal01,3.420865853658537,1.6093170731707316,0.5324095240525868,0.540780583592779,-0.6715542521994136,-0.19061583577712615,-0.32844574780058655,-0.565982404692082,0.46041055718475077,-0.7771260997067448,0.34750733137829903,0.3665689149560116,-0.7653958944281525,-2.1246334310850443,-0.0995118985361387,-1.157529832080088,0.5715853658536585,639.0
chrisjo01,5.739658536585366,1.189317073170732,0.424835633284455,0.6209461897979675,-0.5571847507331378,-0.7888563049853372,-0.5073313782991202,-0.29912023460410553,-0.2111436950146628,-0.5865102639296187,0.46920821114369504,-0.2082111436950147,-0.3489736070381232,-3.0381231671554247,-0.08165727498445939,-1.158357758337424,0.3918048780487805,640.0
telfoja01,0.501609756097561,0.8330853658536587,0.0,0.3397817123882358,-0.9824046920821115,-0.9589442815249267,-0.9618768328445748,-0.8856304985337243,-0.9325513196480939,-0.906158357771261,0.9296187683284458,-0.24633431085043989,-0.8123167155425219,-5.756598240469208,-0.20874018379347078,-1.159772961067506,0.20904878048780487,641.0
taylote01,1.448573170731707,0.2802560975609756,0.4574389935719804,0.5724474480619122,-0.9178885630498533,-0.8269794721407624,-0.686217008797654,-0.906158357771261,-0.81524926686217,-0.7448680351906158,0.8592375366568914,0.058651026392961825,-0.15835777126099704,-4.13782991202346,-0.16621697705632926,-1.172691370505173,0.2952682926829268,642.0
martial01,4.048817073170732,1.6311707317073174,0.359709699510127,0.6859538826370741,-0.7038123167155426,-0.7067448680351907,-0.6686217008797655,-0.4428152492668622,-0.407624633431085,-0.624633431085044,0.6363636363636365,-0.4809384164222874,-0.04692082111436946,-3.4457478005865103,-0.10932297575320205,-1.1758863102156416,0.3524390243902439,643.0
hukpoar01,3.545926829268293,1.67009756097561,0.571282199385608,0.5889967013056601,-0.6099706744868035,-0.05278592375366564,-0.5131964809384164,-0.7624633431085044,0.5249266862170088,-0.7917888563049853,0.13196480938416433,0.47214076246334313,-0.6392961876832844,-2.2404692082111435,-0.08060700301083122,-1.1772829405321115,0.5450731707317072,644.0
waterli01,6.993170731707318,0.5518048780487804,0.4068906183433394,0.6492295506677704,-0.4105571847507331,-0.5483870967741935,-0.46627565982404695,-0.4750733137829912,-0.46920821114369504,0.12023460410557174,0.6715542521994136,-0.4516129032258065,-0.11436950146627567,-2.1436950146627565,-0.07545810870109301,-1.1809128285015253,0.5709756097560975,645.0
flemira01,10.360768292682923,2.118524390243903,0.4121168745896428,0.5345114461056162,-0.15542521994134895,-0.0703812316715543,-0.6803519061583578,-0.1378299120234604,0.35777126099706735,0.16422287390029333,0.1407624633431086,-0.5689149560117301,-0.844574780058651,-1.7947214076246332,-0.05140431886604731,-1.1875816168055437,0.6812195121951219,646.0
ryanma01,4.13409756097561,0.7489146341463415,0.4225457869493428,0.8213150385701742,-0.624633431085044,-0.8181818181818181,-0.7888563049853372,-0.8328445747800587,-0.8563049853372434,-0.17888563049853368,0.6319648093841643,-0.14662756598240467,0.3108504398826979,-3.303519061583578,-0.11390830949172517,-1.2062952273642993,0.3781951219512195,647.0
minayju01,3.397646341463415,0.4151341463414634,0.3617284104556555,0.3771429529105226,-0.7976539589442815,-0.6891495601173021,-0.7008797653958945,-0.5425219941348973,-0.21407624633431088,-0.5102639296187683,0.7008797653958945,-0.39882697947214074,-0.530791788856305,-3.683284457478006,-0.12827910405771087,-1.2079214531341007,0.339780487804878,648.0
peterta01,8.712609756097562,1.2861219512195123,0.3892310669634064,0.5731171822029356,-0.3460410557184751,-0.501466275659824,-0.24926686217008798,0.07331378299120228,-0.49560117302052786,0.14662756598240478,0.23167155425219943,-0.6774193548387097,-0.5806451612903225,-2.3988269794721404,-0.04779240793235037,-1.2082024005449603,0.5139024390243903,649.0
daviste02,3.01879268292683,0.3616097560975609,0.2899690746669481,0.6104111347089562,-0.8269794721407624,-0.7976539589442815,-0.6392961876832844,-0.8387096774193549,-0.8328445747800587,-0.501466275659824,0.8357771260997067,-0.5865102639296187,-0.1348973607038123,-4.32258064516129,-0.14405880005173452,-1.2091215407409701,0.2893658536585366,650.0
juzanjo01,6.801268292682927,1.326243902439025,0.4351294574842949,0.6429874876523745,-0.40175953079178883,-0.5835777126099706,-0.5865102639296187,-0.5923753665689149,-0.6891495601173021,-0.008797653958944274,0.5865102639296187,-0.16129032258064513,-0.25513196480938416,-2.6920821114369504,-0.062214435277537505,-1.2127538573938055,0.46114634146341466,651.0
broomjo01,2.7276951219512195,0.7148536585365853,0.2303361686078319,0.4029700539931201,-0.935483870967742,-0.7360703812316716,-0.8621700879765396,-0.7331378299120235,-0.6451612903225806,-0.906158357771261,0.8123167155425219,-0.6891495601173021,-0.718475073313783,-5.413489736070381,-0.15955671576015049,-1.2196813289588482,0.23214634146341465,652.0
jenkida01,17.073512195121953,4.528829268292682,0.4001666260786358,0.6274080365900735,0.058651026392961825,-0.29912023460410553,0.5454545454545454,-0.14369501466275658,-0.4428152492668622,0.08211143695014655,-0.2404692082111437,-0.8914956011730205,-0.7947214076246334,-2.126099706744868,0.034538668244259406,-1.2282438684358923,0.5684634146341463,653.0
templga01,2.923865853658537,1.1716463414634144,0.3783322417103976,0.6916799716628259,-0.7653958944281525,-0.7653958944281525,-0.5043988269794721,-0.4897360703812317,-0.6832844574780059,-0.5190615835777126,0.6099706744868034,-0.2756598240469208,0.029325513196480912,-3.3636363636363633,-0.1256662323184408,-1.2287701773945259,0.3794878048780488,654.0
jonesdi01,2.869487804878049,1.3348658536585367,0.3681860361160673,0.7149687187055613,-0.7595307917888563,-0.6187683284457478,-0.5454545454545454,-0.5102639296187683,-0.844574780058651,-0.5571847507331378,0.7917888563049853,-0.29912023460410553,0.13196480938416433,-3.2111436950146626,-0.12932937603133907,-1.2337780544339578,0.40034146341463417,655.0
gortmja01,2.0460487804878054,0.4837682926829268,0.4324643982574747,0.4954932557040541,-0.8592375366568915,-0.9472140762463344,-0.841642228739003,-0.8592375366568915,-0.8005865102639296,-0.6041055718475073,0.718475073313783,-0.02052785923753664,-0.39882697947214074,-4.612903225806452,-0.162553833343431,-1.2419731158185827,0.27907317073170734,656.0
leeda03,6.161707317073171,2.152414634146341,0.4108281020662596,0.8422562680095808,-0.4457478005865103,-0.6451612903225806,-0.5718475073313782,-0.533724340175953,-0.8533724340175953,-0.22873900293255134,0.4457478005865103,-0.36070381231671556,0.6011730205278591,-2.592375366568915,-0.0939275256031888,-1.2508692397927672,0.5006585365853659,657.0
jonesis01,2.1358536585365857,1.256158536585366,0.5372735366491088,0.6133617013889429,-0.7741935483870968,-0.7683284457478006,-0.8914956011730205,-0.9296187683284457,-0.46627565982404695,-0.7624633431085044,0.8093841642228738,0.29912023460410553,-0.407624633431085,-3.891495601173021,-0.15184618249034354,-1.278686468305182,0.3419268292682927,658.0
youngch01,3.857768292682927,1.0010853658536587,0.3873218825393482,0.7871604454523993,-0.6774193548387097,-0.7331378299120235,-0.7595307917888563,-0.8181818181818181,-0.5395894428152492,-0.2434017595307918,0.9530791788856305,-0.32551319648093846,0.3020527859237536,-2.841642228739003,-0.1416252430396691,-1.2925837413489396,0.47873170731707315,659.0
robbili01,0.7352560975609757,1.019609756097561,0.3306763953862097,0.4962544555565643,-0.9648093841642229,-0.8592375366568915,-0.9589442815249267,-0.8621700879765396,-0.6774193548387097,-0.906158357771261,0.7331378299120235,-0.08211143695014667,-0.7038123167155426,-5.281524926686218,-0.18366173837439753,-1.3122645875473888,0.25741463414634147,660.0
simpskj01,8.873951219512197,1.8296463414634148,0.3535992449155747,0.627985622994785,-0.407624633431085,-0.4838709677419355,0.035190615835777095,-0.07917888563049857,-0.7536656891495601,-0.29325513196480935,-0.02639296187683282,-0.8563049853372434,-0.4780058651026393,-3.343108504398827,-0.035445308144818964,-1.3340370393477141,0.40331707317073173,661.0
jamesbr01,5.9401829268292685,0.9562682926829268,0.3978012878343517,0.7079030695986573,-0.5278592375366569,-0.7800586510263929,-0.22287390029325516,-0.3049853372434017,-0.6099706744868035,-0.3079178885630498,0.2756598240469208,-0.4457478005865103,0.07331378299120228,-2.850439882697948,-0.09093040801990827,-1.3447560805870056,0.4873170731707317,662.0
beekmre01,5.988756097560976,1.5438414634146342,0.3580493038350827,0.6621539336894698,-0.5982404692082112,-0.6715542521994136,0.029325513196480912,0.23460410557184752,-0.7947214076246334,-0.563049853372434,0.35777126099706735,-0.6656891495601174,-0.19354838709677424,-2.865102639296188,-0.09549012536883068,-1.3449508573730165,0.48560975609756096,663.0
nixda01,1.879329268292683,0.9347560975609756,0.3843891742211284,0.5129440966182658,-0.8680351906158358,-0.81524926686217,-0.5571847507331378,-0.7917888563049853,-0.8475073313782991,-0.6070381231671554,0.3343108504398826,-0.1378299120234604,-0.6275659824046921,-4.917888563049854,-0.144673593402151,-1.3566408302757242,0.284219512195122,664.0
cookeja01,2.8871585365853663,0.2579756097560975,0.2749186859263327,1.0,-0.8914956011730205,-0.8123167155425219,-0.8328445747800587,-0.6568914956011731,-0.9325513196480939,-0.6715542521994136,0.6598240469208212,-0.6070381231671554,0.25513196480938416,-4.489736070381232,-0.1657046492643155,-1.3572185453256977,0.3138780487804878,665.0
barnhbr01,5.331865853658537,1.088158536585366,0.4099223338628378,0.6235443423256564,-0.6187683284457478,-0.25219941348973607,-0.46334310850439886,-0.4105571847507331,-0.4545454545454546,-0.42521994134897356,0.6246334310850439,-0.3137829912023461,-0.29325513196480935,-2.6070381231671558,-0.0929028700191613,-1.3581235996761412,0.5401951219512195,666.0
dadiepa01,3.0250243902439022,0.8100365853658538,0.3787558523684731,0.6617593193629553,-0.7565982404692082,-0.7595307917888563,-0.81524926686217,-0.8211143695014662,-0.782991202346041,-0.46627565982404695,0.8651026392961876,-0.28445747800586507,-0.11730205278592376,-3.93841642228739,-0.14626180955739362,-1.378586939091234,0.36353658536585365,667.0
johnsaj01,10.51767073170732,2.714634146341464,0.3768238847005281,0.7523053610300031,-0.22873900293255134,-0.5043988269794721,0.0029325513196480912,-0.49853372434017595,-0.6686217008797655,-0.3049853372434017,-0.014662756598240456,-0.8299120234604106,0.4545454545454546,-2.592375366568915,-0.028323951835827716,-1.3805228043959243,0.5384146341463415,668.0
weslebl01,8.704243902439025,3.389878048780488,0.4368286117570022,0.567197495267487,-0.2785923753665689,-0.49853372434017595,0.3020527859237536,0.02346041055718473,-0.3460410557184751,-0.36656891495601174,-0.12609970674486803,-0.2111436950146628,-0.9002932551319648,-2.401759530791789,-0.059601563538267316,-1.398382558058511,0.5970487804878049,669.0
thomptr01,4.741390243902439,2.431731707317073,0.5060180797839038,0.3532605799845946,-0.6129032258064516,0.19061583577712615,-0.3519061583577713,-0.6803519061583578,0.035190615835777095,-0.906158357771261,0.40175953079178894,0.35483870967741926,-0.9736070381231672,-2.5425219941348978,-0.0786345410115782,-1.4119277002715218,0.5730487804878049,670.0
davisjo06,7.218365853658537,1.538378048780488,0.4185563754492835,0.5516288639141833,-0.47214076246334313,-0.4780058651026393,-0.5219941348973607,-0.3079178885630498,-0.18475073313782986,-0.4134897360703812,0.5982404692082111,-0.3519061583577713,-0.7272727272727273,-2.8592375366568916,-0.08578151371017008,-1.414868443315942,0.5101463414634146,671.0
flaglad01,4.405048780487805,0.1014146341463414,0.2493372400382173,0.4935661261631089,-0.7859237536656891,-0.8680351906158358,-0.47214076246334313,-0.8123167155425219,-0.8123167155425219,-0.42228739002932547,0.935483870967742,-0.8475073313782991,-0.1026392961876833,-4.187683284457478,-0.144673593402151,-1.4300421107240089,0.35370731707317077,672.0
lewisma05,6.315707317073171,0.8010731707317074,0.4144779084455237,0.6140032371608011,-0.5718475073313782,-0.6217008797653959,-0.563049853372434,-0.5953079178885631,-0.39002932551319647,-0.3782991202346041,0.25219941348973607,-0.3372434017595308,-0.24633431085043989,-3.451612903225807,-0.10156120970419374,-1.4693653562097357,0.438609756097561,673.0
dilliro01,16.334158536585367,2.2649268292682927,0.414034534924637,0.6092743953651479,0.055718475073313734,-0.2434017595307918,0.4838709677419355,0.22287390029325516,-0.7067448680351907,0.04105571847507328,-0.5483870967741935,-0.7595307917888563,-0.6744868035190617,-2.129032258064516,-0.0031686572479525665,-1.5246071541075665,0.717170731707317,674.0
thierad01,2.1886951219512194,2.0935121951219515,0.5157942542220637,0.5798356533906529,-0.7390029325513197,-0.7096774193548387,-0.7741935483870968,-0.6363636363636364,-0.7243401759530792,-0.7419354838709677,0.6422287390029326,0.25219941348973607,-0.7448680351906158,-4.1759530791788855,-0.14313661002610975,-1.5328637037872404,0.38009756097560976,675.0
jacksan01,7.012378048780489,2.00319512195122,0.4298075260708058,0.5571105791453216,-0.4193548387096774,-0.12903225806451613,-0.1055718475073314,-0.058651026392961825,-0.29032258064516125,-0.25513196480938416,-0.017595307917888547,-0.22287390029325516,-0.7859237536656891,-2.284457478005865,-0.06421251366639116,-1.5683052295667195,0.7063658536585365,676.0
laniech01,4.945756097560976,0.5873170731707318,0.3496147206136761,0.7220260237420407,-0.6510263929618768,-0.7741935483870968,-0.6217008797653959,-0.624633431085044,-0.9325513196480939,-0.22580645161290325,0.9090909090909092,-0.624633431085044,0.08504398826979465,-3.4604105571847508,-0.1374497715347571,-1.578406373183747,0.47500000000000003,677.0
tysonhu01,4.5767195121951225,1.087817073170732,0.3640532975537458,0.6570525383800729,-0.6568914956011731,-0.6011730205278593,-0.6129032258064516,-0.8269794721407624,-0.7565982404692082,-0.4164222873900293,0.7126099706744868,-0.5190615835777126,-0.1700879765395894,-3.8475073313782997,-0.11962076437267846,-1.6147204278890934,0.43314634146341463,678.0
hayesni01,2.866756097560976,0.4115487804878048,0.3759957509497358,0.5099207981945665,-0.841642228739003,-0.686217008797654,-0.8299120234604106,-0.530791788856305,-0.7741935483870968,-0.7038123167155426,0.7302052785923754,-0.2785923753665689,-0.3108504398826979,-4.225806451612903,-0.15850644378652232,-1.631086505577594,0.40102439024390246,679.0
antetth01,2.557390243902439,1.7563170731707318,0.4848089061049413,0.520627152138309,-0.7624633431085044,-0.718475073313783,-0.5483870967741935,-0.49560117302052786,-0.3812316715542522,-0.906158357771261,0.5425219941348973,0.16129032258064524,-0.8240469208211143,-3.932551319648094,-0.1472608487518204,-1.8117692731919137,0.4786341463414634,680.0
chrisca01,4.914170731707318,1.730621951219512,0.3834959071722311,0.6245259560646144,-0.6217008797653959,-0.5806451612903225,-0.5923753665689149,-0.3870967741935484,-0.718475073313783,-0.5366568914956011,0.6129032258064515,-0.46041055718475077,-0.4750733137829912,-3.7595307917888565,-0.11903158741186266,-1.8153660056948204,0.49865853658536585,681.0
yangha01,5.430890243902439,2.166158536585366,0.3529008747298418,0.720387803836007,-0.6363636363636364,-0.43988269794721413,-0.5425219941348973,-0.873900293255132,-0.08211143695014667,-0.6392961876832844,0.12316715542521983,-0.6480938416422287,0.22580645161290325,-3.513196480938416,-0.11603446982858218,-1.9073821828231308,0.5614634146341463,682.0
